steps,scenario,sr,cs,cd_mean,cd_std,speed,safety_score
30000,Town02,0.0,0.0,2.4036605058831477,0.5262758380878828,1.0285158420804383,0.0
450000,Town02,1.0,0.0,0.06119667821723287,0.07540242082297631,21.88753095891771,97.27
940000,Town02,1.0,0.0,0.057802917545072864,0.05983206592310333,23.728371819898758,97.65
470000,Town02,1.0,0.0,0.061878836742501685,0.07088812894795742,22.45302577462661,97.34
730000,Town02,1.0,0.0,0.06844577215015772,0.06139921569698931,23.88177126384524,97.4
830000,Town02,1.0,0.0,0.06585403744597144,0.06699480642527914,23.587298380178048,97.34
420000,Town02,1.0,0.0,0.061857119461142605,0.06747530793399503,23.590722937113554,97.41
990000,Town02,1.0,0.0,0.08140379605824902,0.06156122432178336,13.854269754316118,97.14
180000,Town02,0.9,1.4927315185655723,0.08891668450447332,0.10556794858282662,22.487570488934118,36.11
890000,Town02,1.0,0.0,0.058988277966272894,0.0624512362870485,24.65751519253232,97.57
970000,Town02,1.0,0.0,0.06990164233775105,0.08740398129700327,24.497470857341966,96.85
350000,Town02,0.9,2.731332368320051,0.06376610303521027,0.07573846613951737,22.780555356834363,37.21
510000,Town02,1.0,0.0,0.06117459289547998,0.0744281003881935,22.969237586593717,97.29
80000,Town02,0.9,0.03334960221366682,0.1865258150506668,0.2514586917856657,12.248722395477191,31.24
980000,Town02,1.0,0.0,0.06120224373086234,0.07778410396204409,19.52891878511071,97.22
680000,Town02,1.0,0.0,0.06700548949758081,0.06679232771183485,22.91921389523076,97.32
700000,Town02,1.0,0.0,0.07130225142743299,0.054926315584260366,23.583692767479697,97.48
70000,Town02,0.9,0.03995630685347565,0.4295496206590902,0.4784419973394048,16.592482086282068,21.84
520000,Town02,1.0,0.0,0.06554638640860044,0.07716375757036882,23.128213322726385,97.15
10000,Town02,0.0,0.0,4.978700941959434,1.0951382114720996,0.4651135431551251,0.0
20000,Town02,0.0,0.0,0.42324104425028974,0.15223415203743804,0.5800207740927908,0.0
720000,Town02,1.0,0.0,0.06036391111851165,0.058494136802890964,23.663129569387287,97.62
600000,Town02,1.0,0.0,0.07056295456444113,0.061960223120687365,22.54087552911129,97.35
920000,Town02,1.0,0.0,0.05492236641099486,0.0825299222356409,20.835791667724337,97.25
900000,Town02,0.1,4.437850619343493,0.055969701919694914,0.0522179108964869,24.63845893376285,0.0
590000,Town02,1.0,0.0,0.0594882566734569,0.061633178431452065,23.333856120814794,97.58
40000,Town02,0.0,1.9356472315291788,2.315493873817039,1.4965164974312573,9.050395048536426,0.0
50000,Town02,0.0,4.8304187274940205,1.9637119128351432,0.69554355052729,3.945418879380181,0.0
170000,Town02,1.0,0.0,0.0846480816304292,0.10368254314796169,24.094150688621447,96.23
300000,Town02,1.0,0.0,0.06818934158333215,0.07941727312088012,22.425620924254407,97.05
230000,Town02,1.0,0.0,0.08710947552559156,0.08306901013750137,23.25716367859281,96.6
850000,Town02,1.0,0.0,0.06029272476048823,0.055813182709362405,23.007836888461185,97.68
430000,Town02,1.0,0.0,0.06695635064723915,0.06808811724854039,22.798950676014687,97.3
440000,Town02,1.0,0.0,0.05423474770874642,0.06299856423252068,22.611884409051488,97.66
480000,Town02,1.0,0.0,0.07201872708718093,0.08005855106035209,22.60993192601486,96.96
810000,Town02,1.0,0.0,0.06027741758151549,0.06879384620791763,24.140966419367953,97.42
630000,Town02,1.0,0.0,0.0693335590934711,0.0678983104480048,22.72545609848717,97.26
880000,Town02,1.0,0.0,0.0638474754173367,0.06621347430217232,24.37838784343907,97.4
910000,Town02,0.9,2.938792894262306,0.06816552063878083,0.06027686991022176,22.601533234417804,37.43
800000,Town02,1.0,0.0,0.06488119373179199,0.060074549780953876,24.001184404720277,97.5
130000,Town02,1.0,0.0,0.08565986599706947,0.10379674953648814,13.079289194573047,96.21
100000,Town02,0.9,0.05602547142827315,0.12090495269138313,0.14204519599803334,8.998986904890675,34.74
500000,Town02,1.0,0.0,0.0786650210618803,0.0860015043645445,23.523249903130385,96.71
950000,Town02,0.1,0.017361890481573723,0.060060498742306935,0.04675706937923237,14.851166107018065,0.0
860000,Town02,0.9,2.797706215083703,0.054008076140168795,0.04995111016490902,24.147826338719263,37.92
190000,Town02,0.1,12.373943993136226,0.08058195310736262,0.0724061418370336,23.559887576268267,0.0
550000,Town02,1.0,0.0,0.05901447488262866,0.07504330514618371,22.78452520173935,97.32
840000,Town02,1.0,0.0,0.0572112548030243,0.05103473175866909,24.409250146091075,97.84
160000,Town02,1.0,0.0,0.08531714044280994,0.09278871187825398,23.496671730817706,96.44
370000,Town02,1.0,0.0,0.05741785506987892,0.06591340224681719,23.31344193879089,97.53
640000,Town02,1.0,0.0,0.06378632567426087,0.05771153561099127,23.264248776606088,97.57
540000,Town02,1.0,0.0,0.0628526915456065,0.08273675452399346,22.94622461027,97.09
140000,Town02,1.0,0.0,0.1114367988802962,0.10836662392468888,21.876095408866945,95.6
790000,Town02,0.1,13.577762777542173,0.05723105153714272,0.04328854121587031,23.893723572215855,0.0
620000,Town02,1.0,0.0,0.05042025271276279,0.058312868882811286,23.236258094258663,97.83
280000,Town02,1.0,0.0,0.06337187472044073,0.0873891966267459,23.00587899979959,96.98
240000,Town02,0.9,2.580084512047571,0.06897492930978058,0.07022731989830058,23.473205796175925,37.22
560000,Town02,0.9,2.8864397805810116,0.05932650421803702,0.06344373818243991,22.82959185832445,37.54
270000,Town02,1.0,0.0,0.0653603465401997,0.08725345085178599,23.248820015450377,96.95
120000,Town02,1.0,0.0,0.18052601644452718,0.13504028165624934,21.04011712730383,93.69
320000,Town02,1.0,0.0,0.050845273450700015,0.07344768831124608,23.26304682762812,97.51
340000,Town02,1.0,0.0,0.0700100581812734,0.07223809911488281,23.55315742327939,97.16
290000,Town02,1.0,0.0,0.05118366431271122,0.07632670019648649,22.84355078208042,97.45
750000,Town02,1.0,0.0,0.05880306231053535,0.05908560023996308,23.192693828923943,97.64
410000,Town02,1.0,0.0,0.06629011305568519,0.06171575068343421,23.327526981057822,97.44
250000,Town02,1.0,0.0,0.08745658935007072,0.08398932005919621,22.794680968484535,96.57
60000,Town02,1.0,0.0,0.39632475628248154,0.5420990797660306,13.97367022162803,81.23
400000,Town02,1.0,0.0,0.049396695657957436,0.056063705454666636,23.498469955156185,97.89
690000,Town02,1.0,0.0,0.0626169700269887,0.05549220144430615,23.37578149051572,97.64
310000,Town02,1.0,0.0,0.06449558266299868,0.07983519789125271,23.309316359165724,97.11
390000,Town02,1.0,0.0,0.05382654385882267,0.0535762164456275,23.19174666999917,97.85
260000,Town02,1.0,0.0,0.06872769922352692,0.07634586696844965,22.74157183463646,97.1
960000,Town02,1.0,0.0,0.051992160695835045,0.0575543968699232,24.716846470050562,97.81
210000,Town02,0.9,2.6196245718964137,0.06755531968205271,0.07285560516535688,22.9256349309184,37.19
330000,Town02,1.0,0.0,0.06087244405086213,0.08101909265133193,23.984679389521155,97.16
90000,Town02,0.9,0.00440058672183539,0.13307818113583428,0.180222071656113,8.207575140227117,33.73
820000,Town02,1.0,0.0,0.07631407359509298,0.08077191604707659,23.49882322387512,96.86
930000,Town02,1.0,0.0,0.06444022829223908,0.07286212404333144,23.59329404416396,97.25
360000,Town02,1.0,0.0,0.07583157020119727,0.07976764987281282,23.18119648848391,96.89
490000,Town02,1.0,0.0,0.0631773513446575,0.06463972051973109,22.69548951421611,97.44
610000,Town02,1.0,0.0,0.05502137890643324,0.06458117144690104,23.37824146962037,97.61
220000,Town02,1.0,0.0,0.07106273483965338,0.06479196831567337,22.943327489645856,97.28
200000,Town02,1.0,0.0,0.058492209957896335,0.07405355759059461,22.846939741574406,97.35
570000,Town02,1.0,0.0,0.0638285670620713,0.06566613088424737,22.620741117221847,97.41
740000,Town02,0.9,2.190799782867745,0.06344534052966373,0.06809566347049097,23.657056219013803,37.37
380000,Town02,1.0,0.0,0.05822593624172795,0.06373808473402187,23.309783348636426,97.56
110000,Town02,1.0,0.0,0.13774473133429482,0.14842387697398984,12.382741480616687,94.28
530000,Town02,1.0,0.0,0.060417207832770735,0.05781814730146564,22.907625376039213,97.64
710000,Town02,1.0,0.0,0.06704790164938286,0.05565247958447176,23.00730173510385,97.55
150000,Town02,1.0,0.0,0.12647415859546657,0.10027946162569372,22.931799801156433,95.46
580000,Town02,1.0,0.0,0.061686172316898616,0.07816378118162827,23.127481397658,97.2
670000,Town02,1.0,0.0,0.06520397809352749,0.06430082662780115,23.690786652739924,97.41
770000,Town02,1.0,0.0,0.06668169840140066,0.06336439357829253,23.727792121592927,97.4
1000000,Town02,1.0,0.0,0.06279839469072705,0.06032055837089845,23.647325215574586,97.54
760000,Town02,1.0,0.0,0.06732495135033799,0.057071056105115835,22.137006546877167,97.51
650000,Town02,1.0,0.0,0.07137126545087331,0.061708865869046184,23.126444209713803,97.34
660000,Town02,1.0,0.0,0.06755365713541642,0.06344653996789584,22.916901584801163,97.38
780000,Town02,0.9,2.6392589220292413,0.05775485440178697,0.056298539813025586,23.869995458772124,37.72
460000,Town02,1.0,0.0,0.07109957177294628,0.0839692073872387,22.540034630827567,96.9
870000,Town02,0.9,2.654292391477875,0.06412331183585174,0.06684022077511416,22.638135775900672,37.38
30000,emptyTown02,0.0,0.0,1.8959586183582995,0.41546407918462985,0.9858314719219805,0.0
450000,emptyTown02,1.0,0.0,0.048680324456634914,0.05941769302197123,22.892401031093595,97.84
940000,emptyTown02,1.0,0.0,0.05404204435937012,0.05666317822264755,24.900201944275928,97.79
470000,emptyTown02,1.0,0.0,0.058481972045764094,0.06264083947945216,22.514097199612785,97.58
730000,emptyTown02,1.0,0.0,0.06788983294528843,0.059854179155819365,23.82321986062297,97.45
830000,emptyTown02,1.0,0.0,0.058217360430775286,0.055588549420502655,24.173295780938993,97.72
420000,emptyTown02,1.0,0.0,0.060793872926489675,0.06436355763866972,23.19163076582289,97.5
990000,emptyTown02,1.0,0.0,0.05603345685001213,0.07454866777481647,21.80143659736934,97.39
180000,emptyTown02,1.0,0.0,0.09091476638000569,0.09485365810393875,23.01466982424707,96.28
890000,emptyTown02,1.0,0.0,0.057784534016630154,0.05730952039185947,24.46293527330614,97.7
970000,emptyTown02,1.0,0.0,0.05977674061600088,0.07393335872661573,20.844486167881133,97.33
350000,emptyTown02,1.0,0.0,0.06659993320941464,0.0740035189048944,23.22408246635879,97.19
510000,emptyTown02,1.0,0.0,0.061350487733686766,0.06543517340642721,22.861426678523486,97.46
80000,emptyTown02,1.0,0.0,0.23706828172436212,0.25017246491624884,18.92214519135772,90.26
980000,emptyTown02,1.0,0.0,0.053950219011985434,0.06430583253420093,23.189699993305737,97.63
680000,emptyTown02,1.0,0.0,0.06802904901413405,0.05646061574878571,23.421938394094155,97.51
700000,emptyTown02,1.0,0.0,0.06894349139947822,0.054731770997768193,23.38782826529779,97.53
70000,emptyTown02,1.0,0.0,0.44324538619743975,0.4732404469876409,17.945806060336654,81.67
520000,emptyTown02,1.0,0.0,0.05681428004379872,0.05231621498389011,23.026154974311105,97.82
10000,emptyTown02,0.0,0.0,4.984550355351098,1.1063725208281145,0.46946034632235367,0.0
20000,emptyTown02,0.0,0.0,0.6963215147096685,0.3023517960077953,0.6535517550010402,0.0
720000,emptyTown02,1.0,0.0,0.06538934217416088,0.06485842288661388,23.851955572688638,97.4
600000,emptyTown02,1.0,0.0,0.06089415299260013,0.07306659225843212,23.156250913212155,97.32
920000,emptyTown02,1.0,0.0,0.059522773209801406,0.059539463198288164,24.53769519749093,97.62
900000,emptyTown02,1.0,0.0,0.05830707535959504,0.054516168555580315,24.799198613577527,97.74
590000,emptyTown02,1.0,0.0,0.0555966982885364,0.053840442305031246,23.29278802961094,97.81
40000,emptyTown02,0.0,0.0,1.414560720152784,0.6662520459952063,3.034775928496798,0.0
50000,emptyTown02,0.1,0.0,1.9954948306120612,0.45978468329797345,2.4518783057764595,0.0
170000,emptyTown02,1.0,0.0,0.09776439910745832,0.12298105672419309,24.28026711113089,95.59
300000,emptyTown02,1.0,0.0,0.06509279356799783,0.07563988647149303,23.13342526865178,97.19
230000,emptyTown02,1.0,0.0,0.07425410103668248,0.06638971352977638,23.895514134188137,97.19
850000,emptyTown02,1.0,0.0,0.058964707883789755,0.05867143769451705,24.34666295004154,97.65
430000,emptyTown02,1.0,0.0,0.060068892572382716,0.06162725268533499,23.475170056036358,97.57
440000,emptyTown02,1.0,0.0,0.05493906308262443,0.04964979782718993,22.994870075116932,97.91
480000,emptyTown02,1.0,0.0,0.0513297731077,0.05767010043534328,22.946461824041602,97.82
810000,emptyTown02,1.0,0.0,0.056870173849352036,0.06192376096594643,24.261941093569497,97.62
630000,emptyTown02,1.0,0.0,0.06756995344094979,0.06121751867200428,22.9094409438567,97.42
880000,emptyTown02,1.0,0.0,0.05683193643973315,0.060396100540358266,24.605522791861098,97.66
910000,emptyTown02,1.0,0.0,0.06144801875826746,0.06797090217644103,24.46227017154821,97.41
800000,emptyTown02,1.0,0.0,0.06140195324570943,0.05359437159373911,24.068768217089254,97.7
130000,emptyTown02,1.0,0.0,0.1356280830641404,0.11975637339927173,21.568649103439462,94.89
100000,emptyTown02,1.0,0.0,0.197043164920187,0.1887001971230558,20.37682155864652,92.29
500000,emptyTown02,1.0,0.0,0.06657636595254413,0.057715680379356024,23.236899610321803,97.51
950000,emptyTown02,1.0,0.0,0.05537597991463401,0.055413210483139005,24.630800133319905,97.78
860000,emptyTown02,1.0,0.0,0.06236151258026459,0.0575752773588464,24.108981686931067,97.6
190000,emptyTown02,1.0,0.0,0.0734343862130465,0.06938431447000018,23.824540109638,97.14
550000,emptyTown02,1.0,0.0,0.056558772048715886,0.06659215978535761,22.678813513372404,97.54
840000,emptyTown02,1.0,0.0,0.0535809972771983,0.04971640167158199,24.25859094491162,97.93
160000,emptyTown02,1.0,0.0,0.08999625962990344,0.10500991846966361,23.15193017648005,96.1
370000,emptyTown02,1.0,0.0,0.04678770950329055,0.05575916557098566,23.382995383079624,97.95
640000,emptyTown02,1.0,0.0,0.0635741313858506,0.05949830565980248,23.085434161451182,97.54
540000,emptyTown02,1.0,0.0,0.052695389356943456,0.05594905887000508,22.768666417000265,97.83
140000,emptyTown02,1.0,0.0,0.11566470615050417,0.10700510829365054,22.09255769976421,95.55
790000,emptyTown02,1.0,0.0,0.05521374097164801,0.051655284149594416,23.993014811350797,97.86
620000,emptyTown02,1.0,0.0,0.0575378374239922,0.054065262805504444,22.855578445232606,97.77
280000,emptyTown02,1.0,0.0,0.05845982266593373,0.07350878864494771,23.452276736216835,97.36
240000,emptyTown02,1.0,0.0,0.06602231402633026,0.06741359857311854,23.69611631021857,97.33
560000,emptyTown02,1.0,0.0,0.05730706856649455,0.0591859272524745,22.6534773464145,97.67
270000,emptyTown02,1.0,0.0,0.0662531611723149,0.09075928087462362,23.77428097232333,96.86
120000,emptyTown02,1.0,0.0,0.17407042226025932,0.11753088038352652,21.321313840006535,94.17
320000,emptyTown02,1.0,0.0,0.057005732289792665,0.06457418838566806,23.248998381353534,97.57
340000,emptyTown02,1.0,0.0,0.060483725885813355,0.060575536977911515,23.591360292975903,97.58
290000,emptyTown02,1.0,0.0,0.05763097482845873,0.08284410727238634,23.221634451919495,97.19
750000,emptyTown02,1.0,0.0,0.06318611898268185,0.06085445309666311,23.630518353439143,97.52
410000,emptyTown02,1.0,0.0,0.06131856893380949,0.06334919025954844,23.406520255484253,97.51
250000,emptyTown02,1.0,0.0,0.07539150517407775,0.06799065246057974,23.824615759910234,97.13
60000,emptyTown02,1.0,0.0,0.47391497172091607,0.5638923660233293,18.531338972322317,79.24
400000,emptyTown02,1.0,0.0,0.04752597047129228,0.04805978694468958,23.403109110785767,98.09
690000,emptyTown02,1.0,0.0,0.06535667227591073,0.05738233107938347,23.386993918514378,97.55
310000,emptyTown02,1.0,0.0,0.0607970985786492,0.07878733794903987,23.39878910918369,97.21
390000,emptyTown02,1.0,0.0,0.051560433198054555,0.05861898691507167,23.142678656713272,97.8
260000,emptyTown02,1.0,0.0,0.07638084890778374,0.09780838711279996,23.582261484605826,96.52
960000,emptyTown02,1.0,0.0,0.05959897746445882,0.06994894003203726,25.090203624259907,97.41
210000,emptyTown02,1.0,0.0,0.06026766075018739,0.06286923537852819,23.20068016171519,97.54
330000,emptyTown02,1.0,0.0,0.05536426783512864,0.06618986335122512,23.87525108957852,97.57
90000,emptyTown02,1.0,0.0,0.20321905612115088,0.24931984760222897,18.734077244696927,90.95
820000,emptyTown02,1.0,0.0,0.05414474752961699,0.05177047060201101,24.2701532330666,97.88
930000,emptyTown02,1.0,0.0,0.0638381208628683,0.06753443273906021,24.767944726234088,97.37
360000,emptyTown02,1.0,0.0,0.07129660993753957,0.07573769988246895,23.267644707632307,97.06
490000,emptyTown02,1.0,0.0,0.06742404912704655,0.051909034809132185,22.975980978250753,97.61
610000,emptyTown02,1.0,0.0,0.055885067038471195,0.06044640282814149,23.139276967261253,97.67
220000,emptyTown02,1.0,0.0,0.0755642095005236,0.06693695780065319,23.244318297019127,97.15
200000,emptyTown02,1.0,0.0,0.05979593287162066,0.07219955886176266,23.626978085267087,97.36
570000,emptyTown02,1.0,0.0,0.05412378869027381,0.05150774207287604,22.381205401659336,97.89
740000,emptyTown02,1.0,0.0,0.06068901136068604,0.058719074248648716,23.789383458926572,97.61
380000,emptyTown02,1.0,0.0,0.052698912439978374,0.0628886881863408,23.378936237526155,97.69
110000,emptyTown02,1.0,0.0,0.17630089356569573,0.14158302010356527,20.150447306992895,93.64
530000,emptyTown02,1.0,0.0,0.057353793496313976,0.06104626913634157,22.626966610033055,97.63
710000,emptyTown02,1.0,0.0,0.06557794276405447,0.05334260547566285,23.227763876464977,97.62
150000,emptyTown02,1.0,0.0,0.11105682595227548,0.08897174294307302,23.750479499095682,96.0
580000,emptyTown02,1.0,0.0,0.061028073688474994,0.08058633462154871,23.052505752547496,97.17
670000,emptyTown02,1.0,0.0,0.056783485886214236,0.05930941944627095,23.548143865897764,97.68
770000,emptyTown02,1.0,0.0,0.052509619329176103,0.045672335070543635,23.685420272935154,98.04
1000000,emptyTown02,1.0,0.0,0.06579410364435487,0.0802232941085951,24.701921353695763,97.08
760000,emptyTown02,1.0,0.0,0.06280228985370637,0.05593371613026663,23.724863375592452,97.63
650000,emptyTown02,1.0,0.0,0.06686502432115711,0.057027512616647,23.13137571009334,97.52
660000,emptyTown02,1.0,0.0,0.062384125636904667,0.05575785293121135,23.08641461649871,97.64
780000,emptyTown02,1.0,0.0,0.060941212246151386,0.05431846524128371,23.90441496909788,97.69
460000,emptyTown02,1.0,0.0,0.0556476971945119,0.04892548446627629,22.780272597451614,97.91
870000,emptyTown02,1.0,0.0,0.052423992254580054,0.061891788103478215,24.41832900875317,97.71
30000,denseTown02,0.0,0.13744144363083768,0.485558589290234,0.4765089271127576,13.902719705261799,0.0
450000,denseTown02,0.0,12.214029111994694,0.07912150888726703,0.0831562160110349,18.929726439274997,0.0
940000,denseTown02,0.9,0.6217522040181446,0.05959600140157582,0.05669373588505847,10.51417067408201,37.67
470000,denseTown02,0.0,9.102680711215926,0.061915020999271445,0.07915271403873167,10.474120333586,0.0
730000,denseTown02,1.0,0.0,0.04473347850473349,0.045657107156563244,13.118046999710327,98.19
830000,denseTown02,1.0,0.0,0.04973505004332166,0.05693459240214259,10.080634035234883,97.87
420000,denseTown02,0.0,1.2512774455314501,0.08036731170937325,0.06569074400726126,11.10689237506331,0.0
990000,denseTown02,0.1,0.7992804271320273,0.05185792608446298,0.04723866380059374,9.764532144729747,0.0
180000,denseTown02,0.0,5.645208180796385,0.07080730071443117,0.09309352754694358,20.005885735446032,0.0
890000,denseTown02,0.9,0.26894749924762623,0.07296801757592086,0.06591358883000031,17.640454012250608,37.22
970000,denseTown02,0.9,0.00114219276082988,0.06833049071719519,0.08254208257326057,22.642264225543663,36.98
350000,denseTown02,0.9,0.811827270461154,0.0758246885343167,0.08098474612396378,16.73933290161858,36.86
510000,denseTown02,0.9,0.00660030544078459,0.06859715216923983,0.06617046504964175,8.224972507691584,37.3
80000,denseTown02,0.0,15.406783894013387,0.3614461370450986,0.3086548601573524,15.172010909346431,0.0
980000,denseTown02,0.1,3.6985761949747755,0.07695703598256742,0.07375192747195884,17.249235068039127,0.0
680000,denseTown02,0.1,0.8196898531933232,0.05222224338525091,0.048378954209730804,10.762044729167823,0.0
700000,denseTown02,1.0,0.0,0.06294693140931516,0.053195383003021034,19.3276637280331,97.68
70000,denseTown02,0.0,16.625167256271553,0.2902581918387924,0.1994755554146141,11.437377875295269,0.0
520000,denseTown02,0.1,4.552916673092435,0.03899319113078298,0.05153808459508099,8.302101948179741,0.0
10000,denseTown02,0.0,4.534248990194705,0.35056444866993874,0.541669992270464,5.675720786340726,0.0
20000,denseTown02,0.0,0.0,0.45084495856848983,0.14224769134766774,0.47198956810424975,0.0
720000,denseTown02,0.0,1.7668338857008543,0.05671432826312137,0.05140534323069469,18.949635610306466,0.0
600000,denseTown02,0.9,0.0223108553779039,0.06743808291693631,0.06750709906364774,21.55798758913244,37.3
920000,denseTown02,0.0,4.68505647148678,0.07486977599374385,0.06169548766810874,12.841780172358181,0.0
900000,denseTown02,1.0,0.0,0.06265210638223398,0.055614463553723584,8.054684637156601,97.63
590000,denseTown02,0.9,0.39106879686707197,0.05453871313429074,0.06929896296716664,16.210125352860707,37.52
40000,denseTown02,0.0,0.0,2.3678128422660025,0.5004604083667372,1.006287215981368,0.0
50000,denseTown02,0.0,2.0451658197965457,0.7371047021749598,0.6901422178382604,13.125416905202178,0.0
170000,denseTown02,0.1,0.020730845057786367,0.055903082925690774,0.06217119546196752,9.26868566597253,0.0
300000,denseTown02,0.0,12.781044474537005,0.06717471276791086,0.06438005794919872,10.461442657316107,0.0
230000,denseTown02,0.9,0.03900546745175206,0.08661262478773171,0.08028250250835962,21.2942997567991,36.66
850000,denseTown02,1.0,0.0,0.05182720499198055,0.05818807377943506,12.283406603726586,97.8
430000,denseTown02,0.0,5.147328081321504,0.08663429243863985,0.11228508117913232,21.632959854965968,0.0
440000,denseTown02,0.9,1.1060891093332237,0.07467869817690972,0.06507120608045722,16.221186555249176,37.21
480000,denseTown02,0.0,0.2629025215497456,0.06862172618476284,0.06145235134282501,9.282888926201556,0.0
810000,denseTown02,0.9,0.44122531948405397,0.05537292339147667,0.050809081322411145,10.604667673268384,37.88
630000,denseTown02,0.9,1.3162287349847763,0.06460812250688527,0.0631015958291889,16.52028794202419,37.45
880000,denseTown02,0.9,0.0042884758158639995,0.07835001271636062,0.05399267122274307,13.47068292743813,37.35
910000,denseTown02,0.0,2.1832842254092033,0.06631254905499233,0.05482391947594747,19.908391928220567,0.0
800000,denseTown02,1.0,0.0,0.06257012767002224,0.09596063364044367,12.80804711391938,96.83
130000,denseTown02,0.9,0.1826648732153584,0.12063669246664696,0.119888332112928,18.030381284455675,35.19
100000,denseTown02,0.0,0.6434276122475391,0.14926685886647645,0.21541415233297698,12.441184999446886,0.0
500000,denseTown02,0.9,1.5312417729233108,0.06621607700971888,0.07880242783377786,19.435168906217292,37.1
950000,denseTown02,0.0,1.7664534339168771,0.05266150081065137,0.05820791425310594,13.461244787943732,0.0
860000,denseTown02,1.0,0.0,0.05537209245269055,0.08303836639550913,14.887715068332104,97.23
190000,denseTown02,0.0,5.243675622573285,0.08177571682134113,0.09791261043407111,18.508186093958557,0.0
550000,denseTown02,0.9,0.1253850181219279,0.06377474867395459,0.06821484617266575,17.97685958270366,37.36
840000,denseTown02,0.9,0.8376910228821286,0.05726631692695563,0.05913420790282046,17.446238903950167,37.67
160000,denseTown02,0.9,0.00600555887387031,0.06918163218035592,0.08979811686769709,12.49094948754197,36.82
370000,denseTown02,0.9,0.020391753519947108,0.06212029441553781,0.07948821972022231,21.444846914600042,37.17
640000,denseTown02,0.1,1.1797985984755919,0.06838406527487983,0.0827055749269636,14.227658801656617,0.0
540000,denseTown02,0.0,0.06994324900590053,0.06234345693145164,0.04763682103731531,8.890799692259371,0.0
140000,denseTown02,0.9,0.00943206340164834,0.09707981998674355,0.09305829580817276,19.79248785521406,36.2
790000,denseTown02,0.0,2.560435563172585,0.05875208186988577,0.056537470562178435,8.524629637943146,0.0
620000,denseTown02,0.9,0.442501782107385,0.08086519850991722,0.07775442748124999,16.41758165279926,36.83
280000,denseTown02,0.9,0.5657014186626057,0.05861875058725942,0.06393341953010076,10.42547397171899,37.55
240000,denseTown02,0.9,0.7860596829752109,0.07014217427772362,0.09325425614098622,16.595625032044847,36.73
560000,denseTown02,0.9,0.3706316803424445,0.06687280112072742,0.0746940270900336,18.567109188269786,37.17
270000,denseTown02,0.9,0.20570063717314402,0.07623135992297081,0.0796144510801274,16.365525891165095,36.88
120000,denseTown02,0.0,0.32281062778902403,0.12313207103466514,0.1301486597597552,11.319537281474558,0.0
320000,denseTown02,0.9,0.7908573161747146,0.06478737273095221,0.08007544508030431,17.50383012140902,37.1
340000,denseTown02,0.9,0.04704828286548103,0.06277546719787215,0.072999101817493,19.94566405480349,37.28
290000,denseTown02,0.9,0.0692955787734392,0.06244499369663602,0.08002577035777754,21.922579573739522,37.15
750000,denseTown02,1.0,0.0,0.048428140829021124,0.052530412655802695,13.075818661483215,97.98
410000,denseTown02,0.9,4.052163251900895,0.06131111816805923,0.044263315920662814,12.083108854891563,37.89
250000,denseTown02,0.9,0.20399093307732183,0.08159418149982049,0.0691382820369512,16.64330214800404,36.99
60000,denseTown02,0.9,0.02080783298769824,0.3712246035828433,0.4710960501752526,12.868793637619627,23.15
400000,denseTown02,0.9,0.0006417471442500599,0.059825769535227814,0.062398864085588965,22.051427127386813,37.56
690000,denseTown02,0.9,1.0932297227344758,0.052054401814299836,0.05198232873604621,17.515560866129455,37.92
310000,denseTown02,0.9,1.3065951507993423,0.08493799068427724,0.08710379755132129,17.354522170452164,36.56
390000,denseTown02,0.9,0.5802706332829445,0.05658760350066019,0.05563190137451329,17.9874654797354,37.76
260000,denseTown02,0.9,0.00764974625252175,0.05578304230527298,0.064016361715756,12.984748045622553,37.6
960000,denseTown02,1.0,0.0,0.08321022873012367,0.08371765602802136,18.879186404541674,96.66
210000,denseTown02,0.0,9.094925517282041,0.07773772390548572,0.08741084307175648,21.86842465260488,0.0
330000,denseTown02,0.9,0.07189109979175465,0.05943184757403487,0.05857123576045723,11.49756402242421,37.64
90000,denseTown02,0.0,1.0725408964800565,0.1771939429166557,0.2109427238288625,10.930354875018145,0.0
820000,denseTown02,0.9,0.00618997825534219,0.06739938507516403,0.06315951426832125,22.549889006537466,37.39
930000,denseTown02,1.0,0.0,0.05262112400042919,0.06716453115321261,13.993669557102624,97.6
360000,denseTown02,0.9,0.009641918875990831,0.06956811437592232,0.07476884448336021,21.83832505235052,37.11
490000,denseTown02,0.9,0.00734262914076318,0.07484864502887004,0.07871769506142905,21.32117551005681,36.93
610000,denseTown02,0.9,0.00143262031033684,0.06665601026775528,0.059683342568080375,14.252089585527937,37.47
220000,denseTown02,0.9,0.26441789607782706,0.08040594546838482,0.06457790165531865,20.137890756628142,37.1
200000,denseTown02,0.9,0.00227395408030427,0.07313676030212177,0.07186237914463076,10.57257409473078,37.1
570000,denseTown02,0.0,0.15519508109523245,0.06995809569921677,0.06060848837888418,8.369992084030875,0.0
740000,denseTown02,1.0,0.0,0.049521655827784394,0.05821170117687331,8.991570693822217,97.85
380000,denseTown02,0.0,1.8928370023997723,0.04560612702745019,0.05097043825473013,11.916371982012091,0.0
110000,denseTown02,0.9,0.08618628359405041,0.15266481025961814,0.15006887033275979,13.113434491903252,33.95
530000,denseTown02,0.0,0.2486256565858193,0.06743983564036385,0.062408953994492575,12.863211516554278,0.0
710000,denseTown02,0.9,1.0780124229419594,0.051133251414053914,0.04125592060963697,11.225501897052263,38.15
150000,denseTown02,0.9,0.006275287037169559,0.10954152102340058,0.106596080992539,22.346167112545185,35.68
580000,denseTown02,0.9,1.5361216313096597,0.04871980771042959,0.06338474991672609,11.202019233135909,37.76
670000,denseTown02,0.9,0.2964564965894279,0.05375896351846271,0.06181393953574214,17.485366542915862,37.69
770000,denseTown02,1.0,0.0,0.056279983156967604,0.06652850407501143,13.000890668169408,97.54
1000000,denseTown02,1.0,0.0,0.07928529751633732,0.05929344722049299,14.488536613432819,97.23
760000,denseTown02,0.9,0.2143810405479814,0.06242755870109691,0.06582988797243068,16.432464708009576,37.43
650000,denseTown02,0.9,0.4762312503519085,0.062288046151360854,0.056607729511371774,17.381057390621947,37.62
660000,denseTown02,1.0,0.0,0.06984249317552205,0.06034620956325006,18.389417007999562,97.4
780000,denseTown02,0.9,0.620570666902749,0.05788488379193525,0.06395969591884328,17.303617736372082,37.56
460000,denseTown02,0.0,4.743207843671825,0.05566731349860521,0.05882122665124403,19.151426974755015,0.0
870000,denseTown02,1.0,0.0,0.0665478485028175,0.05954627766208318,13.081402587197184,97.48
30000,Town01,0.0,4.149749760747208,0.2791542343086779,0.5244957929113059,19.86591578842573,0.0
450000,Town01,1.0,0.0,0.04428754984861667,0.043202934359694134,24.351476163931697,98.25
940000,Town01,1.0,0.0,0.048382231887822744,0.05466281436694733,22.93293185205824,97.94
470000,Town01,1.0,0.0,0.05912641113213921,0.042279340033988214,23.906003028693153,97.97
730000,Town01,1.0,0.0,0.06037470888176888,0.05889411374149065,24.4561474375518,97.61
830000,Town01,1.0,0.0,0.05515183308990877,0.04451502768301443,24.758052469391483,98.01
420000,Town01,1.0,0.0,0.05282169115148666,0.04685353230552917,24.30119929047665,98.01
990000,Town01,1.0,0.0,0.049705409813290066,0.06541254210195424,22.002195137693832,97.7
180000,Town01,1.0,0.0,0.05615418548835689,0.07009968927186225,24.236574320032325,97.47
890000,Town01,0.9,4.114079498379828,0.04166799371232629,0.0390912228758607,24.901378996843448,38.38
970000,Town01,0.9,0.051867638797704764,0.04951099903488545,0.06339084959824565,24.621407956875792,37.74
350000,Town01,1.0,0.0,0.045602933678324895,0.03903442212173781,22.553178363125276,98.31
510000,Town01,1.0,0.0,0.048773179731480674,0.038816021924968074,23.929311797592042,98.25
80000,Town01,0.9,0.2917308782810815,0.20591961578505594,0.24482733096497372,19.899115684750505,30.99
980000,Town01,1.0,0.0,0.04606371070413599,0.05812591159346767,21.937149186804586,97.92
680000,Town01,1.0,0.0,0.05318523836000372,0.03976839938025257,24.467166246494966,98.14
700000,Town01,1.0,0.0,0.0570041261534819,0.03870778583031983,24.370010627380147,98.09
70000,Town01,1.0,0.0,0.3586019772143848,0.4296104502361982,19.587867301838788,84.24
520000,Town01,1.0,0.0,0.05561668990112149,0.03817642926421273,22.656665289879676,98.12
10000,Town01,0.0,0.0,4.307543161978539,0.9284819494877636,0.434839205336708,0.0
20000,Town01,0.0,0.4146663062930408,0.41637974126731886,0.34546184762343807,2.0129760427160086,0.0
720000,Town01,1.0,0.0,0.05381161640937067,0.046125570477461575,21.742431336430666,98.0
600000,Town01,1.0,0.0,0.05560120367774235,0.042916568852615654,23.601385858769316,98.03
920000,Town01,1.0,0.0,0.047950136589057654,0.058791661026600474,24.86878454029598,97.87
900000,Town01,1.0,0.0,0.046333515405533744,0.04195547293852813,25.02058043647761,98.23
590000,Town01,1.0,0.0,0.04963670223263829,0.037503412902921994,21.615873986541022,98.26
40000,Town01,0.0,2.6796913229851103,0.2893790515566971,0.5269964812284146,17.56638428187667,0.0
50000,Town01,0.1,15.298978373583996,0.6437678592148718,0.8407253812372766,18.401723614650557,0.0
170000,Town01,1.0,0.0,0.06585060951221348,0.08143492541223685,23.86266134989724,97.05
300000,Town01,1.0,0.0,0.052066350403337305,0.04160882860423007,24.161007050914787,98.13
230000,Town01,1.0,0.0,0.06187886267913939,0.05926564302251079,25.227940925177283,97.58
850000,Town01,1.0,0.0,0.055598046620851695,0.05088649926468024,24.58885063642156,97.87
430000,Town01,0.9,0.8352005158587421,0.05113376292031437,0.034727158814701495,24.497110921819306,38.28
440000,Town01,1.0,0.0,0.03918715011261118,0.03766590093847242,24.22933858065948,98.46
480000,Town01,1.0,0.0,0.05192191565344426,0.04309358622615582,24.17254382362872,98.1
810000,Town01,1.0,0.0,0.04472010884701537,0.04069395175121376,24.682387926510682,98.29
630000,Town01,1.0,0.0,0.05515280227541719,0.04049873106873296,24.180508264318508,98.09
880000,Town01,1.0,0.0,0.04643101664299233,0.03662289096521787,22.794295056622012,98.34
910000,Town01,1.0,0.0,0.04532849423132619,0.04292640552828185,22.922724243865407,98.23
800000,Town01,1.0,0.0,0.05077509024838485,0.042908776271873075,22.731868302803303,98.13
130000,Town01,1.0,0.0,0.08918605590376494,0.09970880636810622,22.484694879266208,96.22
100000,Town01,1.0,0.0,0.14159588314811272,0.17515773003664922,22.15892995894318,93.66
500000,Town01,1.0,0.0,0.05807202472768909,0.04259278931553752,24.293202799711104,97.99
950000,Town01,1.0,0.0,0.03830317640186163,0.044552234993553784,22.882871832058054,98.34
860000,Town01,1.0,0.0,0.05728480527315769,0.04619098632912775,22.618749132163536,97.93
190000,Town01,0.1,3.5081796440653057,0.0766530613292608,0.0523055969894257,23.905897931963846,0.0
550000,Town01,1.0,0.0,0.05090351313275785,0.037906437295373255,23.727462892072403,98.22
840000,Town01,1.0,0.0,0.048211213418399936,0.03652405450278414,22.711500306786654,98.31
160000,Town01,1.0,0.0,0.060530975051035586,0.07163561056699375,22.332076916805164,97.36
370000,Town01,1.0,0.0,0.04219131001376516,0.03703689156403898,24.40306387155585,98.42
640000,Town01,1.0,0.0,0.06323416343689985,0.04376186580113593,24.345797616246273,97.86
540000,Town01,1.0,0.0,0.05422071767028588,0.04816480460702914,24.275566621219184,97.95
140000,Town01,1.0,0.0,0.07340566117184218,0.08598371714357414,23.102293063373004,96.81
790000,Town01,0.1,17.01691090032579,0.04706618453368248,0.034660446020019,22.53479592494445,0.0
620000,Town01,1.0,0.0,0.045411585114940235,0.04141962312144767,22.620200167410488,98.26
280000,Town01,1.0,0.0,0.043002425349065974,0.04177333540094051,24.406264117106545,98.3
240000,Town01,1.0,0.0,0.043515394406834766,0.043070183979393925,23.863549995957037,98.27
560000,Town01,1.0,0.0,0.05315052965030496,0.03802767015408048,21.55250775191116,98.18
270000,Town01,1.0,0.0,0.042035992266507505,0.040581551729657564,21.876090782846088,98.35
120000,Town01,1.0,0.0,0.11481860077869714,0.11385753303950638,20.880069967015842,95.43
320000,Town01,1.0,0.0,0.03962850245954143,0.03927861936867874,22.724661433703194,98.42
340000,Town01,1.0,0.0,0.048422734134578135,0.03918602360298658,22.747914852600683,98.25
290000,Town01,1.0,0.0,0.039802834471196244,0.047410403368513265,24.32510414032656,98.26
750000,Town01,1.0,0.0,0.04972879505587258,0.041632840883289446,24.479006188028638,98.17
410000,Town01,1.0,0.0,0.05581887942850927,0.047841701626593125,24.604089080152285,97.93
250000,Town01,1.0,0.0,0.0466804265091597,0.04468471451057916,24.80596254206888,98.17
60000,Town01,1.0,0.0,0.34603767823090115,0.4638851808501657,19.066665789525235,83.8
400000,Town01,1.0,0.0,0.04479981873123777,0.03349628549028152,22.807406407602247,98.43
690000,Town01,1.0,0.0,0.05674873580726841,0.037486970632681915,24.351203594702323,98.12
310000,Town01,1.0,0.0,0.03697734310376581,0.036794784206494124,24.454737774481355,98.52
390000,Town01,1.0,0.0,0.0439763590768696,0.0321709130489377,24.126597270778984,98.48
260000,Town01,1.0,0.0,0.055031293377592015,0.0589014219721463,24.392198823812215,97.72
960000,Town01,1.0,0.0,0.04180632366181174,0.056755761472728296,25.02720251021974,98.03
210000,Town01,1.0,0.0,0.03913839065277773,0.04172783536648089,24.41766818116192,98.38
330000,Town01,1.0,0.0,0.04053350878701189,0.042986114615055915,21.92272550152246,98.33
90000,Town01,1.0,0.0,0.1528187791323194,0.2271210968545697,20.411029157487707,92.4
820000,Town01,1.0,0.0,0.05378303202741571,0.0422688979187151,22.82930361214387,98.08
930000,Town01,1.0,0.0,0.043282773140192465,0.051327490905900275,23.033304650089782,98.11
360000,Town01,1.0,0.0,0.04221648773948291,0.03885109594179482,23.756235236316513,98.38
490000,Town01,1.0,4.083071412428862,0.06628881431399689,0.03935269421721109,24.16188542711928,47.89
610000,Town01,1.0,0.0,0.050951364521755485,0.040844701614551435,24.299888179686103,98.16
220000,Town01,1.0,0.0,0.05948434534136784,0.04664738579337522,23.856110872564322,97.88
200000,Town01,1.0,0.0,0.05090892457338203,0.05368194749950537,22.6437231893086,97.91
570000,Town01,1.0,0.0,0.05240998280124783,0.0406665826312439,24.033606983705173,98.14
740000,Town01,1.0,0.0,0.05031099079182361,0.042748029905606715,24.407930195151017,98.14
380000,Town01,1.0,0.0,0.040065992178175414,0.034689038529888284,24.453092434832605,98.5
110000,Town01,0.0,0.0,1.8016074431340623,0.9226465751887142,3.5144369469434515,0.0
530000,Town01,1.0,0.0,0.05915118776651175,0.04181531464965251,24.014256323962353,97.98
710000,Town01,1.0,0.0,0.050273373324357815,0.041840705968717584,21.800522172892336,98.16
150000,Town01,1.0,0.0,0.08418976290229814,0.07677692067148419,22.457304976139834,96.78
580000,Town01,1.0,0.0,0.05378624066000677,0.047150938939376955,23.6029076526533,97.98
670000,Town01,1.0,0.0,0.04988506896276086,0.051162683413686294,24.54632842940494,97.98
770000,Town01,1.0,0.0,0.055845475910277095,0.04983728364861406,24.561825120139872,97.89
1000000,Town01,1.0,0.0,0.042281572280992566,0.04404265568012104,23.044966618310827,98.27
760000,Town01,1.0,0.0,0.053675214577532736,0.04221859686434533,21.821765404455356,98.08
650000,Town01,1.0,0.0,0.06197701082355195,0.0443687286654048,24.18598813353296,97.87
660000,Town01,1.0,0.0,0.05272310570439872,0.03681611314243475,24.383283814077107,98.21
780000,Town01,1.0,0.0,0.05695424404872492,0.04411850534289256,24.64746148003175,97.98
460000,Town01,1.0,0.0,0.058225228894968825,0.03711428753957933,22.52756962675243,98.09
870000,Town01,1.0,0.0,0.04394227484432348,0.04151039260480832,24.713172195130273,98.29
30000,emptyTown01,0.0,1.1945828503440503,1.7244947229641028,1.0689316977206977,7.861330346727948,0.0
450000,emptyTown01,1.0,0.0,0.039267749118496495,0.041261292864455575,24.272267720781027,98.39
940000,emptyTown01,1.0,0.0,0.036747938497122414,0.046385153869908796,25.17553574096961,98.34
470000,emptyTown01,1.0,0.0,0.055654118508509307,0.04059157044673851,23.912950173784953,98.08
730000,emptyTown01,1.0,0.0,0.05220151833850879,0.03866359898460851,24.4695686747882,98.18
830000,emptyTown01,1.0,0.0,0.05143746695194092,0.03823501003476881,24.609680653883288,98.21
420000,emptyTown01,1.0,0.0,0.045447769578176055,0.039696862768596165,24.62419345691268,98.3
990000,emptyTown01,1.0,0.0,0.04754983215926687,0.0721861333404447,25.435416146763412,97.61
180000,emptyTown01,1.0,0.0,0.06628755079715086,0.07878177406128736,24.227343782527477,97.1
890000,emptyTown01,1.0,0.0,0.04317278112328747,0.03909403507488687,24.92174540852971,98.35
970000,emptyTown01,1.0,0.0,0.051900548585455855,0.07605939865091497,25.484252118284456,97.44
350000,emptyTown01,1.0,0.0,0.043914318698956886,0.04016809419580651,24.233310820330587,98.32
510000,emptyTown01,1.0,0.0,0.04717821470531245,0.04184578634072897,23.907091569516883,98.22
80000,emptyTown01,0.1,4.808128602023713,0.12921570501168073,0.13066328968008262,20.88639743069597,0.0
980000,emptyTown01,1.0,0.0,0.042652252111229604,0.05949565059423394,25.40371578361043,97.96
680000,emptyTown01,1.0,0.0,0.0510617413964615,0.03710537506421039,24.34680367829192,98.24
700000,emptyTown01,1.0,0.0,0.05691897585525372,0.03741287249348264,24.56232923509382,98.11
70000,emptyTown01,1.0,0.0,0.3481024584748244,0.4290713432060911,19.981842133079823,84.46
520000,emptyTown01,1.0,0.0,0.054241589055405826,0.03584611064469003,23.974963951890835,98.2
10000,emptyTown01,0.0,0.0,4.720120888378882,1.0230386773678226,0.45056259295881584,0.0
20000,emptyTown01,0.0,0.8055595139937134,0.4465297722098124,0.37946989389883756,1.9792683268498752,0.0
720000,emptyTown01,1.0,0.0,0.04921036972168485,0.037373924180204895,24.556473536656114,98.27
600000,emptyTown01,1.0,0.0,0.04894599701885455,0.04094187257581105,24.218965287679964,98.2
920000,emptyTown01,1.0,0.0,0.04664265972964596,0.06959160312287041,25.124836359620467,97.68
900000,emptyTown01,1.0,0.0,0.042420493435269234,0.04247343816766525,24.91101675121294,98.3
590000,emptyTown01,1.0,0.0,0.04925459057321597,0.03790648574701022,24.21045906962793,98.26
40000,emptyTown01,0.0,0.3729508985525877,1.2412032296773998,0.7059424743026516,8.031061542430816,0.0
50000,emptyTown01,0.0,0.0,1.5441988363495296,0.995247918002182,8.400232483570502,0.0
170000,emptyTown01,1.0,0.0,0.06900715233226566,0.08122330805899909,25.267016543642296,97.0
300000,emptyTown01,1.0,0.0,0.04655353616113043,0.03620986816148449,24.20841685901591,98.34
230000,emptyTown01,1.0,0.0,0.05682240431978101,0.05232175566072698,25.359620745969835,97.82
850000,emptyTown01,1.0,0.0,0.04907649819805995,0.040961945726239374,24.741051391836,98.2
430000,emptyTown01,1.0,0.0,0.054047615876643515,0.03701802662830765,24.525086926407972,98.18
440000,emptyTown01,1.0,0.0,0.04273870039974401,0.036487350475446836,24.00688307561801,98.42
480000,emptyTown01,1.0,0.0,0.050199221796679225,0.035617511742672636,24.100860348251267,98.28
810000,emptyTown01,1.0,0.0,0.042652048921708464,0.0410832261721998,24.761895069671446,98.33
630000,emptyTown01,1.0,0.0,0.056599180260433,0.035357417678898426,24.10562592799255,98.16
880000,emptyTown01,1.0,0.0,0.04600059261885914,0.04763872380503061,24.94274315344874,98.13
910000,emptyTown01,1.0,0.0,0.04210510640421507,0.04262036590649178,25.052014288777336,98.31
800000,emptyTown01,1.0,0.0,0.05513115050275204,0.0383073970136487,24.65536759865993,98.13
130000,emptyTown01,1.0,0.0,0.08138523243531978,0.09732806531217031,22.595496574571392,96.43
100000,emptyTown01,1.0,0.0,0.14650064056320322,0.17859132507846903,21.97630631459993,93.5
500000,emptyTown01,1.0,0.0,0.05720486976930654,0.038037042855267086,24.261230321794308,98.1
950000,emptyTown01,1.0,0.0,0.038657042414410314,0.04606164101819147,24.977799819987286,98.31
860000,emptyTown01,1.0,0.0,0.04946643495763524,0.04712934515656947,24.72106841667809,98.07
190000,emptyTown01,1.0,0.0,0.055536220980414,0.05233569674208368,24.984063972535097,97.84
550000,emptyTown01,1.0,0.0,0.047245510977714754,0.03535216884502721,23.889325487566094,98.35
840000,emptyTown01,1.0,0.0,0.05033846905977778,0.04075666988184172,24.549960172489357,98.18
160000,emptyTown01,1.0,0.0,0.053985701969763676,0.06803410176536855,24.313526633174767,97.56
370000,emptyTown01,1.0,0.0,0.037788425987674,0.036743725141840856,24.424044069804257,98.51
640000,emptyTown01,1.0,0.0,0.06267208501478853,0.044179681133691105,24.325269767734444,97.86
540000,emptyTown01,1.0,0.0,0.05200043663400068,0.04317281359084736,24.110962070071416,98.1
140000,emptyTown01,1.0,0.0,0.06753008292584095,0.08211181521542481,22.997779063226538,97.01
790000,emptyTown01,1.0,0.0,0.053847847564004826,0.04042183731895941,24.624108858144638,98.11
620000,emptyTown01,1.0,0.0,0.045891317014400634,0.04043630392157112,24.09896050150805,98.27
280000,emptyTown01,1.0,0.0,0.039748018304260314,0.039264557342854334,24.610445825887872,98.42
240000,emptyTown01,1.0,0.0,0.04467995679458531,0.04410459736737136,25.001206387140172,98.22
560000,emptyTown01,1.0,0.0,0.05701173988050332,0.03982443722334038,23.987029551111988,98.06
270000,emptyTown01,1.0,0.0,0.03790576478086814,0.0366491571600787,24.968129042862177,98.51
120000,emptyTown01,1.0,0.0,0.12946830692702105,0.1133231564210044,22.785202319500826,95.14
320000,emptyTown01,1.0,0.0,0.040178258917224416,0.04356844833760285,24.31713706753008,98.33
340000,emptyTown01,1.0,0.0,0.04165193208966099,0.04139613205344812,24.727627093422154,98.34
290000,emptyTown01,1.0,0.0,0.03661136267018876,0.036277424783175485,24.450718126442332,98.54
750000,emptyTown01,1.0,0.0,0.048064149928944144,0.03940166313637329,24.457467215301467,98.25
410000,emptyTown01,1.0,0.0,0.04926125367409531,0.04048455553312601,24.65727558568529,98.21
250000,emptyTown01,1.0,0.0,0.04775884020574574,0.049541837994428586,24.940935259572097,98.05
60000,emptyTown01,1.0,0.0,0.3532512784437742,0.4515350034382058,19.688973247948717,83.9
400000,emptyTown01,1.0,0.0,0.0425005061810855,0.028702871801335954,24.580467370501985,98.58
690000,emptyTown01,1.0,0.0,0.058264654072793784,0.036884429980129016,24.44091817031627,98.1
310000,emptyTown01,1.0,0.0,0.034444122773725015,0.03515592816748301,24.463096522486268,98.61
390000,emptyTown01,1.0,0.0,0.0454375712817067,0.0416600379031668,24.248225525305635,98.26
260000,emptyTown01,1.0,0.0,0.045852155796779204,0.04239490600063365,24.752015417725566,98.24
960000,emptyTown01,1.0,0.0,0.049574404799880775,0.06164718492916259,25.22326769987212,97.78
210000,emptyTown01,1.0,0.0,0.03865601037911888,0.042105708537105754,24.38475926113812,98.38
330000,emptyTown01,1.0,0.0,0.03853561079411927,0.04012879014743308,24.999446277134744,98.43
90000,emptyTown01,1.0,0.0,0.15281703132395102,0.23450528278886235,20.620324185721017,92.25
820000,emptyTown01,1.0,0.0,0.051866462422947714,0.04279081880560222,24.65581654056144,98.11
930000,emptyTown01,1.0,0.0,0.04058823213353043,0.04887087646630093,25.111017080574975,98.21
360000,emptyTown01,1.0,0.0,0.046278857749755195,0.03745476292975891,24.346801872862038,98.33
490000,emptyTown01,1.0,0.0,0.0696745602149793,0.04203733350435268,24.146856945370168,97.77
610000,emptyTown01,1.0,0.0,0.05254445422810193,0.04472994057721565,24.25777421022789,98.05
220000,emptyTown01,1.0,0.0,0.05465844406308895,0.04305385204575242,24.431564005727502,98.05
200000,emptyTown01,1.0,0.0,0.04277332751143816,0.046694164569322204,24.701466716598212,98.21
570000,emptyTown01,1.0,0.0,0.05310318775380514,0.04317092326783972,24.09451577328947,98.07
740000,emptyTown01,1.0,0.0,0.048704033924325964,0.03931627823101045,24.403453115910402,98.24
380000,emptyTown01,1.0,0.0,0.04084519753642568,0.040672971105528186,24.494172084340715,98.37
110000,emptyTown01,1.0,0.0,0.13590378409696552,0.13135787048566266,22.134785510339693,94.65
530000,emptyTown01,1.0,0.0,0.051805782459402226,0.040705373766626377,23.953351695982132,98.15
710000,emptyTown01,1.0,0.0,0.05350373734634808,0.036536101055652435,24.395839174829817,98.2
150000,emptyTown01,1.0,0.0,0.08748285783373069,0.07790450500570342,24.626394444841047,96.69
580000,emptyTown01,1.0,0.0,0.052684167778776214,0.04742848444124313,24.243493846755197,98.0
670000,emptyTown01,1.0,0.0,0.04661277900318104,0.040192257356989745,24.362436474800027,98.26
770000,emptyTown01,1.0,0.0,0.052168480897357886,0.043015729642261566,24.563473219820093,98.1
1000000,emptyTown01,1.0,0.0,0.04365021801725838,0.05114191770169678,25.26781931980036,98.1
760000,emptyTown01,1.0,0.0,0.05372338840006604,0.04036601646806842,24.46373719776757,98.12
650000,emptyTown01,1.0,0.0,0.06098723011003988,0.04137173887903212,24.10534220471426,97.95
660000,emptyTown01,1.0,0.0,0.055161128793077,0.03766125220629213,24.32556671334479,98.14
780000,emptyTown01,1.0,0.0,0.05198217534141347,0.03998198333556552,24.59958130711045,98.16
460000,emptyTown01,1.0,0.0,0.06265106649071135,0.04519995450362744,24.010866054053537,97.84
870000,emptyTown01,1.0,0.0,0.04373294960073024,0.04479294138677674,24.880269920813056,98.23
30000,denseTown01,0.0,2.7599429657559127,0.267339324319241,0.48033404566929827,20.348525596091186,0.0
450000,denseTown01,1.0,0.0,0.03731741142373487,0.037995693664989796,20.891791695303993,98.49
940000,denseTown01,1.0,0.0,0.043222733201506415,0.04823813951768383,24.514546272839564,98.17
470000,denseTown01,0.0,1.0013920609262885,0.05243304364525951,0.03783226587790943,18.451065561350447,0.0
730000,denseTown01,1.0,0.0,0.055792174520524894,0.04347168677877489,23.917251641615103,98.01
830000,denseTown01,0.9,0.0170227920151519,0.04791667225059981,0.04117397523446657,20.35777845587569,38.22
420000,denseTown01,1.0,0.0,0.05069325412795641,0.04413279707509844,21.967952617729246,98.1
990000,denseTown01,0.9,0.00067452806980962,0.05127836237402439,0.07323085956597236,22.88330869436452,37.51
180000,denseTown01,0.0,0.22600475549574792,0.07378584604791341,0.08170426212680781,14.51504095473472,0.0
890000,denseTown01,0.9,0.18333216262397184,0.0467975089575768,0.044705247591497674,24.172926113347152,38.17
970000,denseTown01,0.9,0.00468942063686377,0.05905796211722242,0.07495767225651494,23.019030482711845,37.32
350000,denseTown01,0.1,0.1246548958714268,0.0429773946693167,0.03356143129924512,11.504475316693071,0.0
510000,denseTown01,0.9,2.331003318020565,0.04203026559037938,0.03999166945680652,20.737266627197027,38.36
80000,denseTown01,0.0,1.2766659557402738,0.13472926912006922,0.12331967666638739,17.96407017627212,0.0
980000,denseTown01,0.1,0.8857271896703592,0.054898758874834364,0.04974832108520205,11.369457406881693,0.0
680000,denseTown01,0.1,4.1533393937250676,0.047007769560974064,0.04464171879683186,16.427886414705974,0.0
700000,denseTown01,1.0,0.0,0.04952715258057182,0.03597983756316767,17.151961805900463,98.29
70000,denseTown01,0.9,0.06840808567962788,0.3421810646947042,0.4232819976616873,17.48517370625114,24.69
520000,denseTown01,1.0,0.0,0.058875814299231756,0.04472979527043246,21.60264084422969,97.93
10000,denseTown01,0.0,0.0,4.894748673320467,1.071807083213835,0.46374661983267307,0.0
20000,denseTown01,0.0,0.7356438629945012,0.3636317565627647,0.338800750489327,2.1047917372454927,0.0
720000,denseTown01,0.1,6.967031566175412,0.04971254186751034,0.04208777457204497,17.367346100346317,0.0
600000,denseTown01,1.0,0.0,0.04335193895163497,0.03912477088449997,17.314028472643503,98.35
920000,denseTown01,1.0,0.0,0.05168832557267171,0.04317962041021878,19.166601891026225,98.1
900000,denseTown01,0.0,20.773017750354818,0.046517650810360425,0.04156913220334787,15.559328941219713,0.0
590000,denseTown01,1.0,0.0,0.05006762163927577,0.044444394053507065,23.581366352820197,98.11
40000,denseTown01,0.0,0.22845277135781608,0.21321707682053992,0.44269540983487554,10.915274504721154,0.0
50000,denseTown01,0.9,0.2112620724544068,0.5259945736041113,0.6929491569539288,17.788369276390988,15.62
170000,denseTown01,0.1,0.08396783886787271,0.0469197693840588,0.06500622976282752,13.327973154573286,0.0
300000,denseTown01,0.9,0.08536116304691391,0.049044666944476664,0.041636599407115255,18.648380735197613,38.19
230000,denseTown01,0.9,0.030227865936082322,0.046727854032799464,0.046457655756947866,17.716774440089115,38.14
850000,denseTown01,1.0,0.0,0.04930588297801003,0.041847612500671295,21.734505374098376,98.18
430000,denseTown01,0.1,0.633417585367455,0.039797292402084315,0.03455084871535176,9.915412673341852,0.0
440000,denseTown01,0.0,17.257985516619847,0.05314589253930361,0.04204780288551961,22.127642931945605,0.0
480000,denseTown01,1.0,0.0,0.04539901454202098,0.04065368302560482,20.613315260675524,98.28
810000,denseTown01,0.9,0.0028469029865641803,0.044974786448406766,0.03947950765759334,23.93350417478205,38.31
630000,denseTown01,1.0,0.0,0.05195932273498642,0.037629238726473425,19.00281815499192,98.21
880000,denseTown01,1.0,0.0,0.049641967905813565,0.04731277956541542,21.294291355125097,98.06
910000,denseTown01,1.0,0.0,0.05213007734908944,0.04608224667824851,17.031359362686263,98.04
800000,denseTown01,1.0,0.0,0.05515308180679788,0.03978565159653551,24.201398999921285,98.1
130000,denseTown01,1.0,0.0,0.089703221635105,0.09674604828082875,17.783029943219134,96.27
100000,denseTown01,1.0,0.0,0.1187871003888437,0.16035787850907682,15.955482375663971,94.42
500000,denseTown01,0.1,6.63751409227608,0.04458980683538911,0.05486726518327586,16.100133966337506,0.0
950000,denseTown01,1.0,0.0,0.04081021443734736,0.040644495750375674,20.541972033127593,98.37
860000,denseTown01,0.1,0.4800595188742041,0.05941715856479797,0.03762445519750792,9.323523067956723,0.0
190000,denseTown01,0.1,0.03525054892594155,0.048954286962577365,0.05463923516210023,14.908198527641668,0.0
550000,denseTown01,1.0,0.0,0.05254693015176024,0.043643660059093425,21.629958394818317,98.08
840000,denseTown01,1.0,0.0,0.05168285869819929,0.035855348932929146,21.977394129963397,98.25
160000,denseTown01,0.1,0.19888010804452672,0.04752777463120863,0.06747250590634085,14.276651212478956,0.0
370000,denseTown01,0.0,0.17492228264254783,0.04531706698763608,0.034767808347897305,16.962144859323693,0.0
640000,denseTown01,1.0,0.0,0.05935963593989487,0.045293479337913965,21.71071534887099,97.91
540000,denseTown01,0.9,0.5308668177041549,0.062414350199048826,0.042493145984942596,18.619400319816236,37.9
140000,denseTown01,0.1,0.25281321476324325,0.05046312640899819,0.06360631648051866,11.8615337604617,0.0
790000,denseTown01,1.0,0.0,0.05025499293844824,0.03860066274211168,15.690797352970947,98.22
620000,denseTown01,0.9,0.00663693399449006,0.04121562232574174,0.04079273911906319,19.63453292505016,38.36
280000,denseTown01,1.0,0.0,0.04524273492500623,0.03959582250831928,18.933485022530668,98.3
240000,denseTown01,0.9,0.00111259035405318,0.049715219208436676,0.04484586076093598,23.901859934162072,38.11
560000,denseTown01,1.0,0.0,0.04556965802940514,0.041430453324003566,16.9396111192631,98.26
270000,denseTown01,0.1,0.03283879935336363,0.06043697862331425,0.03970372888312081,9.227987571480728,0.0
120000,denseTown01,0.0,0.0592240620725331,0.07155633896837466,0.05177322886498108,10.125168491771825,0.0
320000,denseTown01,1.0,0.0,0.03777127524855774,0.03514596829125939,17.2042756002263,98.54
340000,denseTown01,0.1,0.5062315724868148,0.06445532288677096,0.038194100797405706,10.85089919715983,0.0
290000,denseTown01,0.9,4.017027634644324,0.03937531756741143,0.04429996052689996,23.97784617028045,38.33
750000,denseTown01,1.0,0.0,0.04607540603900574,0.039796364398518934,20.89791380549641,98.28
410000,denseTown01,1.0,0.0,0.04875821274945091,0.03769625400486476,24.04374845321177,98.27
250000,denseTown01,0.0,0.04277575097942241,0.06917783221838938,0.04062438473039972,12.81167321098076,0.0
60000,denseTown01,0.9,0.08973903580760394,0.34755467313732097,0.4112932023035266,15.245732607373546,24.82
400000,denseTown01,1.0,0.0,0.04651645864818825,0.03703038789515874,17.38169301143108,98.33
690000,denseTown01,1.0,0.0,0.05732124916843705,0.0404482269505381,18.008121735621916,98.04
310000,denseTown01,0.0,8.074598732464134,0.0408705975020659,0.036125873553984986,18.82693076818517,0.0
390000,denseTown01,1.0,0.0,0.04523045195766136,0.040398639464982136,21.323755774216952,98.29
260000,denseTown01,1.0,0.0,0.05212224558048094,0.04214446390543188,16.345119857599066,98.11
960000,denseTown01,0.0,0.7587909006589963,0.06336226907767195,0.0680164093717135,24.144656359934135,0.0
210000,denseTown01,0.9,0.02911388971074083,0.04952352271499651,0.04723019597401936,19.151578120836476,38.06
330000,denseTown01,0.0,0.015553015578414792,0.0379671555186059,0.03559091934507869,13.15545562611049,0.0
90000,denseTown01,0.1,19.948505552046043,0.11467367118066005,0.1200824333634987,12.068807180466013,0.0
820000,denseTown01,1.0,0.0,0.04561076788515463,0.0425535020229066,16.714066174294405,98.24
930000,denseTown01,1.0,0.0,0.04264445025547818,0.048893666443852346,21.810093223892,98.17
360000,denseTown01,0.1,0.30625953153481167,0.04502076569531577,0.031013045342874655,12.644038622325336,0.0
490000,denseTown01,0.0,0.16337851862814928,0.07299125612888684,0.04592408849506021,8.388236826333575,0.0
610000,denseTown01,0.1,38.11376388460856,0.04267913050852151,0.04606102491140605,14.883101774840227,0.0
220000,denseTown01,1.0,0.0,0.0630999775477997,0.04711622871383012,21.959244777169186,97.8
200000,denseTown01,0.9,0.02165813785126683,0.04924686110953488,0.047052431956441675,23.646371406612282,38.07
570000,denseTown01,1.0,0.0,0.052647405282719995,0.0430993344393617,17.0152155647232,98.09
740000,denseTown01,1.0,0.0,0.04954414723043378,0.04439475233108333,19.030804088571326,98.12
380000,denseTown01,0.9,0.00656916218016512,0.04123677297829451,0.0349134972032792,23.661321772283664,38.48
110000,denseTown01,0.9,2.3775421596272555,0.14203929519014444,0.14696564638206314,19.33452103788861,34.22
530000,denseTown01,0.1,0.0692363175231349,0.03314219803338282,0.03223972065311251,13.515193279474278,0.0
710000,denseTown01,1.0,0.0,0.05203329615602768,0.04068704388569561,16.479998548549652,98.15
150000,denseTown01,0.9,0.690356360176908,0.08801245480784418,0.08180582798417804,22.04213750686191,36.6
580000,denseTown01,0.9,1.2556982165337764,0.05439420595100793,0.04333220379725307,23.616116986496117,38.05
670000,denseTown01,1.0,0.0,0.04553364164883404,0.037355877075723666,20.994333574783855,98.34
770000,denseTown01,0.9,0.12876645229730438,0.055552219840886076,0.04911216247247496,22.970823253523136,37.91
1000000,denseTown01,1.0,0.0,0.04440853722392266,0.04243711682725122,24.624694247555063,98.26
760000,denseTown01,1.0,0.0,0.049535123697114485,0.043060805678766224,18.29424881274388,98.15
650000,denseTown01,0.9,0.01699222520739906,0.06906824656393624,0.05001898556640264,19.249231574178538,37.62
660000,denseTown01,0.9,0.00578757133769311,0.058085317175889536,0.044840979418430384,23.54670721045781,37.94
780000,denseTown01,1.0,0.0,0.0567813775928376,0.04404714928247133,16.21504080965072,97.98
460000,denseTown01,1.0,0.0,0.056144717241938036,0.03952795214027474,22.007715068718063,98.09
870000,denseTown01,0.9,0.00275181623013448,0.054529382137502816,0.04821200312359637,19.157758196645517,37.95
30000,Town03,1.0,0.0,0.9100773671950912,0.9221308583370446,13.641334281975674,63.36
450000,Town03,1.0,0.015530353964898389,0.10040626805362982,0.12738756468817602,20.267028637864854,45.44
940000,Town03,0.1,0.8833082250257884,0.12844924856270387,0.15625950233136116,18.984479547910155,0.0
470000,Town03,0.1,0.06594296329354807,0.1737552757561756,0.14560001831105157,17.41601251498874,0.0
730000,Town03,0.1,0.10561582067275639,0.11289465508184804,0.11959234562574528,15.64149939960026,0.0
830000,Town03,1.0,0.0,0.10702268101501344,0.1467682980077099,20.755005382919773,94.92
420000,Town03,0.1,1.1782218266670599,0.126885342442938,0.1131165073894111,18.31950472619178,0.0
990000,Town03,1.0,0.0,0.122471073181547,0.16810889641696897,24.519694028091898,94.19
180000,Town03,1.0,0.0,0.13264164599923092,0.1817684926362458,23.516001307430834,93.71
890000,Town03,1.0,0.0,0.12055320605985875,0.14839122616152509,22.137054587704966,94.62
970000,Town03,1.0,0.0,0.12002690742497368,0.16643083656071633,24.47307672266667,94.27
350000,Town03,0.1,2.3243050440675526,0.11341368330860273,0.10910392984443877,15.682111271016813,0.0
510000,Town03,1.0,0.0,0.11105613233537352,0.11295901623347922,18.93055170271229,95.52
80000,Town03,0.9,2.1596051610975104,0.2904283510712403,0.34840802111722585,18.22745212420981,27.22
980000,Town03,1.0,0.0,0.11754756996219,0.1637347376079767,19.494631972200715,94.37
680000,Town03,0.1,0.04427991816996492,0.16091781677240094,0.11809159822808402,14.636907261630444,0.0
700000,Town03,1.0,0.0,0.11403847032031596,0.14703693408663732,22.31373476045934,94.78
70000,Town03,0.9,0.15379179317835412,0.3612185121353735,0.39424314448836106,11.391770689126526,24.89
520000,Town03,0.1,0.05002247590641316,0.14025892653322072,0.10447437754013322,17.512087831177244,0.0
10000,Town03,0.0,7.821853744999982,4.1012840221398825,3.0299191562764207,8.367827804367597,0.0
20000,Town03,0.0,0.0,0.26108914549783363,0.03338499869705305,0.11813636650131439,0.0
720000,Town03,1.0,0.0,0.11378491897911021,0.14867978235921026,22.617486074740174,94.75
600000,Town03,0.1,0.15318742460792084,0.15050688827142955,0.10657144402316261,14.485904454063775,0.0
920000,Town03,1.0,0.0,0.11580383244275054,0.14864302277017388,22.496567098925834,94.71
900000,Town03,1.0,0.0,0.12375750838180173,0.1767762840727752,23.625077440953667,93.99
590000,Town03,1.0,0.10617396381014436,0.14153539132053847,0.14999708684825958,19.397824290958773,44.17
40000,Town03,0.1,0.0,2.4539328637266467,0.3662002228830392,1.2618970939484764,0.0
50000,Town03,0.9,0.2351882415263457,1.1117196004851786,0.8927497782308162,7.7145074132993345,0.0
170000,Town03,0.1,15.395895012621054,0.24149441899354684,0.1779464092106613,15.79951605725322,0.0
300000,Town03,1.0,0.0,0.10956357225934735,0.15424053852971165,22.739771906306597,94.72
230000,Town03,0.1,0.02802517111613457,0.1449747642270498,0.1434053520513519,18.78409128976716,0.0
850000,Town03,0.1,0.41344463323763375,0.1298805199518133,0.1310715934882562,20.174610973905686,0.0
430000,Town03,1.0,0.0,0.11473186439088637,0.140612857416268,22.184858109167124,94.89
440000,Town03,1.0,0.0,0.09682113341436398,0.13142918027002565,19.28100086242002,95.43
480000,Town03,1.0,0.0,0.09348440424674191,0.12727587415690783,18.244206712296982,95.58
810000,Town03,0.1,0.39302720677314557,0.14878730554581074,0.12125437857726569,21.61168450002588,0.0
630000,Town03,0.1,0.01069555691657637,0.1641731870982127,0.13662164177063568,17.428855718234566,0.0
880000,Town03,0.1,2.5089157461623617,0.13806942206829706,0.1447157319071104,18.541223589364478,0.0
910000,Town03,0.9,3.1641838718148554,0.13053723244363166,0.17479396630502503,22.27877191357465,33.89
800000,Town03,0.1,1.0692159260938636,0.14949131377671615,0.14815020904628934,17.943431674904,0.0
130000,Town03,0.1,0.06501533221514907,0.168262323953749,0.15061984025547615,15.490427478733343,0.0
100000,Town03,1.0,0.01866813215255116,0.21491031501142657,0.2744077195161491,19.76774423135769,40.21
500000,Town03,0.1,0.07309281009339522,0.13246056682966403,0.11965674373228848,18.285379705711904,0.0
950000,Town03,1.0,0.0,0.1007741456179773,0.14306064300532778,19.906535267661432,95.12
860000,Town03,0.1,2.1834162658550147,0.14524546835825144,0.14403425288398441,17.924927262908916,0.0
190000,Town03,0.1,0.007144637248334701,0.1664061654456223,0.150501990124371,15.861854592862619,0.0
550000,Town03,1.0,0.0,0.116487500990057,0.14878833215169385,21.93928281539295,94.69
840000,Town03,1.0,2.375892713950157,0.11214168777438249,0.16200641676042948,19.945453731616936,44.52
160000,Town03,1.0,0.0,0.13835345471458677,0.18501977756322932,22.915349835088968,93.53
370000,Town03,1.0,0.0,0.11223647558680261,0.14539921634868205,22.72090845715662,94.85
640000,Town03,1.0,0.0,0.15397309624957628,0.16172326207200288,19.234664882308095,93.69
540000,Town03,1.0,0.0,0.11518453676067546,0.13779579275295878,22.248180330184148,94.94
140000,Town03,0.1,0.04415840449484598,0.19785235381592922,0.14214307170661847,16.69065830615869,0.0
790000,Town03,0.1,1.2802529595920276,0.12136344218456412,0.13200518861637933,20.006317385340733,0.0
620000,Town03,0.1,0.0,0.12922940636314514,0.05367928518801973,3.615291248154142,6.34
280000,Town03,0.1,2.4784297616505198,0.10281082998593165,0.1173007585785963,20.062211300943154,0.0
240000,Town03,1.0,0.0,0.10337207525503114,0.14837443076774112,23.881137436443336,94.97
560000,Town03,1.0,0.0,0.11479250535129101,0.13921536604240772,22.054011673577776,94.92
270000,Town03,0.9,3.427648234530596,0.1295535704983326,0.15443786982038285,22.7145758359936,34.32
120000,Town03,1.0,0.0,0.2221219725875608,0.24170778259618642,21.385985794237968,90.72
320000,Town03,0.1,0.040262182082914225,0.12767180144921933,0.11728354722559779,16.97177504407415,0.0
340000,Town03,1.0,0.0,0.09825807413639712,0.14279240706046173,22.141897795151714,95.18
290000,Town03,1.0,0.0,0.10902328529704955,0.16084232508300772,22.984235428816152,94.6
750000,Town03,1.0,0.0,0.12362119935972689,0.16744278014611047,22.234828858515293,94.18
410000,Town03,1.0,0.0,0.11195140419024878,0.12534222080765756,21.743593126571977,95.25
250000,Town03,0.1,1.576188458462576,0.13206388168232835,0.13618770677207293,18.269200297243877,0.0
60000,Town03,1.0,0.18649814392057823,0.37347131273318895,0.3345934387365542,7.809832125068651,35.84
400000,Town03,0.1,0.018837993342418473,0.12351517382645513,0.09448541132755921,15.807973363618194,0.0
690000,Town03,1.0,0.0057164508770676,0.12495777508221942,0.13618003708905033,18.94117347944275,44.78
310000,Town03,1.0,0.0,0.1018617700575017,0.1272323048665881,19.644935371774388,95.42
390000,Town03,0.1,0.0,0.1940447990914531,0.045758480274711646,3.3111362633435895,5.2
260000,Town03,0.1,0.6389693196592128,0.13351360689894295,0.13324357835519898,17.882235286031126,0.0
960000,Town03,1.0,0.0,0.1056783835885434,0.15729317634873122,23.38586576665218,94.74
210000,Town03,1.0,0.0,0.12164621378693466,0.15542036098212528,23.39649382440309,94.46
330000,Town03,1.0,0.0,0.10773551886615777,0.1496376771916355,23.49638433397029,94.85
90000,Town03,1.0,0.0,0.2261569086843498,0.25074092085813143,17.134922725793462,90.46
820000,Town03,0.1,5.181713606634586,0.10846153761120987,0.12138895217418129,20.37532934870307,0.0
930000,Town03,1.0,0.0,0.12059512325157122,0.1688729299755291,22.515512799469604,94.21
360000,Town03,1.0,0.0,0.09776363791915614,0.13011122925907287,22.440755441149427,95.44
490000,Town03,1.0,0.0,0.0951968671730921,0.10262340570984052,13.361333229432452,96.04
610000,Town03,0.1,0.13561026645952468,0.15399086829220127,0.12701230239236727,16.27215917319449,0.0
220000,Town03,0.1,0.04712549908877379,0.14244247738056495,0.15528469674381978,17.963072342501924,0.0
200000,Town03,1.0,0.0,0.1214042537333665,0.16514568141443337,23.656399511280814,94.27
570000,Town03,0.1,0.0,0.24389979722360025,0.05062807798808043,3.5104072244096685,4.11
740000,Town03,0.1,0.05224041617926149,0.125360928204704,0.12338890440305128,16.418522322133818,0.0
380000,Town03,0.1,0.05177399566090122,0.12758903259036275,0.106145203815007,18.53472734899112,0.0
110000,Town03,1.0,0.0,0.2114161435944577,0.24994001641623026,20.886327056921328,90.77
530000,Town03,1.0,0.028054604775670365,0.10614892737587985,0.13282118663612288,21.65144060300398,45.22
710000,Town03,1.0,0.0,0.111559902658329,0.14269571600308456,19.50224013637543,94.91
150000,Town03,0.1,0.7847072982154557,0.21323972939541536,0.13237804672857814,16.301587018478596,0.0
580000,Town03,1.0,0.0,0.12544356677024981,0.15129946230498978,20.212820079405795,94.47
670000,Town03,1.0,0.0,0.11358086782249636,0.1543292209911397,22.629874746574842,94.64
770000,Town03,1.0,0.0,0.10931677230641546,0.14547351807267667,22.82269072655336,94.9
1000000,Town03,0.9,3.2413175641679453,0.10446050923310042,0.14275845554927952,23.932233146822956,35.06
760000,Town03,0.1,1.3413832327100013,0.1412672717188964,0.10775831985830256,18.901974493339424,0.0
650000,Town03,1.0,0.0,0.11606233306939213,0.1499824439512226,21.81583062262381,94.68
660000,Town03,1.0,0.0,0.1140364965278186,0.1411855363308744,22.668047321639357,94.9
780000,Town03,0.1,3.9922406647621456,0.13571456066381143,0.13567905599239874,18.608761485949334,0.0
460000,Town03,0.1,1.003285477996694,0.10264086781594543,0.1126995731024573,16.026029781714648,0.0
870000,Town03,0.1,1.7446565416146658,0.16927651839772245,0.15171131033074836,19.894812871528643,0.0
30000,emptyTown03,1.0,0.0,0.9746465165516455,1.0849922658654911,14.772785876191879,60.51
450000,emptyTown03,1.0,0.0,0.10618047876257078,0.13564657933017568,22.14073541677295,95.16
940000,emptyTown03,1.0,0.0,0.10780232740037843,0.1583095920284053,22.835359684374783,94.68
470000,emptyTown03,1.0,0.0,0.11994018879898874,0.13723851719794786,22.22882611626283,94.86
730000,emptyTown03,1.0,0.0,0.11313470212938577,0.15872323783364245,22.78397555935768,94.56
830000,emptyTown03,1.0,0.0,0.11019953549405806,0.14415140684093583,23.12349816294025,94.91
420000,emptyTown03,1.0,0.0,0.10957087519471427,0.14894483740144732,22.960827464472562,94.83
990000,emptyTown03,1.0,0.0,0.11224076380096604,0.15624882250406397,25.01859828754536,94.63
180000,emptyTown03,1.0,0.0,0.13456661409293094,0.1824474017983598,23.72741522873614,93.66
890000,emptyTown03,0.1,0.0,0.11467272513066548,0.05406957799652368,3.700559555621976,6.63
970000,emptyTown03,1.0,0.0,0.11433699016140245,0.15367787662747942,24.80760063819838,94.64
350000,emptyTown03,1.0,0.0,0.10895023677508922,0.15241008205744028,22.4758647827813,94.77
510000,emptyTown03,1.0,0.0,0.10349645331330144,0.13523954309366384,22.60008463655604,95.23
80000,emptyTown03,1.0,0.0,0.2749564555630938,0.35689002306191353,18.77040820077889,87.36
980000,emptyTown03,1.0,0.0,0.11757583137757974,0.1606667255033032,24.42088087610299,94.44
680000,emptyTown03,1.0,0.0,0.11085090761228364,0.1456673354633355,22.569288127141913,94.87
700000,emptyTown03,1.0,0.0,0.1182339884578204,0.1435728927647258,22.25600679231767,94.76
70000,emptyTown03,0.1,0.0,0.48580545284001825,0.2589751457665378,2.886548981338851,0.0
520000,emptyTown03,1.0,0.0,0.12233650429566896,0.14439642259804977,21.85388308720375,94.67
10000,emptyTown03,0.0,8.804836441350721,4.0065726855578205,2.975220711803844,8.435252481150034,0.0
20000,emptyTown03,0.0,0.0,0.2605496560214486,0.03295723948815812,0.11944820502990132,0.0
720000,emptyTown03,1.0,0.0,0.11509431665804763,0.15100403891623823,22.464350084536854,94.68
600000,emptyTown03,1.0,0.0,0.1112211560382862,0.1378772641964892,21.994093970973314,95.02
920000,emptyTown03,1.0,0.0,0.10678424654225034,0.149344395203609,23.007966796217495,94.88
900000,emptyTown03,1.0,0.0,0.11286028851680267,0.14210233959114332,23.801248737069336,94.9
590000,emptyTown03,1.0,0.0,0.11285110232275078,0.1442931404884344,22.82412033319175,94.86
40000,emptyTown03,0.0,0.0,2.548690177467958,0.4154124681462258,1.2208054847018457,0.0
50000,emptyTown03,0.1,0.0,0.9778989724078733,0.4197307439932943,3.1367091981105553,0.0
170000,emptyTown03,1.0,0.0,0.1508508713917874,0.19094104942787427,24.023335818104947,93.16
300000,emptyTown03,1.0,0.0,0.11117695920710213,0.15650726081952696,23.373513787684583,94.65
230000,emptyTown03,1.0,0.0,0.13139777602486447,0.1558538826999561,24.23565646600908,94.25
850000,emptyTown03,1.0,0.0,0.11246426547937696,0.15354081358337482,22.487800090285532,94.68
430000,emptyTown03,1.0,0.0,0.11038259079633587,0.1393629941484098,22.659571320473884,95.01
440000,emptyTown03,1.0,0.0,0.10967098602921577,0.13900737890680512,22.432762509006277,95.03
480000,emptyTown03,1.0,0.0,0.11122095679544834,0.13735447299952908,21.89131932736556,95.03
810000,emptyTown03,1.0,0.0,0.11016948897169783,0.15642614262870652,22.26869011026062,94.67
630000,emptyTown03,1.0,0.0,0.11430344449329595,0.1411820739596968,22.73646253529454,94.89
880000,emptyTown03,1.0,0.0,0.10908445733149466,0.15415617972327172,23.599847482893683,94.74
910000,emptyTown03,0.1,0.0,0.1742447967903647,0.0497884813229617,3.648057287001457,5.52
800000,emptyTown03,1.0,0.0,0.11475624886917299,0.14734491409515665,22.76581651309533,94.76
130000,emptyTown03,1.0,0.0,0.15673932287783132,0.20257760990805598,21.406857282717105,92.81
100000,emptyTown03,1.0,0.0,0.19353990472224863,0.24688186047073332,20.16854291090134,91.19
500000,emptyTown03,1.0,0.0,0.10984221847877398,0.1433156594622784,22.83350316910562,94.94
950000,emptyTown03,1.0,0.0,0.10621627012764298,0.15480827765012495,22.76806054189557,94.78
860000,emptyTown03,0.1,0.0,0.08498879059351475,0.06889996167170125,3.7351864338122645,6.92
190000,emptyTown03,1.0,0.0,0.13023020200003388,0.17042673061606806,24.2069252246823,93.99
550000,emptyTown03,1.0,0.0,0.11584677343025762,0.14349483001388488,22.487814213450985,94.81
840000,emptyTown03,1.0,0.0,0.11638251820716897,0.1602467175706037,23.007287298632,94.47
160000,emptyTown03,1.0,0.0,0.12956408839267125,0.18355575141665909,23.501065304957073,93.74
370000,emptyTown03,1.0,0.0,0.11169126335600228,0.14894144775722662,22.59404211946431,94.79
640000,emptyTown03,1.0,0.0,0.11379677580912959,0.14729467676555594,22.935315810494632,94.78
540000,emptyTown03,1.0,0.0,0.11477648099098584,0.14038048220704064,22.959058151377853,94.9
140000,emptyTown03,1.0,0.0,0.1456567454789533,0.1844892225952201,22.198524935854714,93.4
790000,emptyTown03,0.1,0.0,0.10233805502781675,0.06527435583428909,3.6440303733995023,6.65
620000,emptyTown03,1.0,0.0,0.1127189758385105,0.14918273850097283,22.75790109850603,94.76
280000,emptyTown03,1.0,0.0,0.09919733236368752,0.14210488100174185,23.70730633419918,95.17
240000,emptyTown03,1.0,0.0,0.11151176518414796,0.1615561145201391,24.182542928232056,94.54
560000,emptyTown03,1.0,0.0,0.11388397241877297,0.14503931251558133,22.529072614736844,94.82
270000,emptyTown03,1.0,0.0,0.10002724794192626,0.14779958753637454,24.13185298934082,95.04
120000,emptyTown03,1.0,0.0,0.19805632367930195,0.20685850366406355,21.274535273644403,91.9
320000,emptyTown03,1.0,0.0,0.10745546479232644,0.13864498365222705,22.974816122048242,95.08
340000,emptyTown03,1.0,0.0,0.09904002189790637,0.14245434185062109,23.43118879777496,95.17
290000,emptyTown03,1.0,0.0,0.10869934080519514,0.16166310489115468,23.555285668351473,94.59
750000,emptyTown03,1.0,0.0,0.11410393342378891,0.15285893086970576,22.91498543685963,94.66
410000,emptyTown03,1.0,0.0,0.11431442252207587,0.13935083188866937,22.855181429704583,94.93
250000,emptyTown03,1.0,0.0,0.11530636653968813,0.1615935273669858,24.229880127780394,94.46
60000,emptyTown03,0.1,0.0,0.6827944709736474,0.27397452781607834,4.745333369325333,0.0
400000,emptyTown03,1.0,0.0,0.1063914805638522,0.14621860201812936,23.00546687244117,94.95
690000,emptyTown03,1.0,0.0,0.11237520560993002,0.14832960654457938,22.73410361257653,94.79
310000,emptyTown03,1.0,0.0,0.10891712968097367,0.150169563575017,23.280246540714597,94.82
390000,emptyTown03,1.0,0.0,0.11300603492343135,0.14752682578601134,22.237025872172236,94.79
260000,emptyTown03,1.0,0.0,0.10576778222319763,0.14858238987317723,23.772543729949113,94.91
960000,emptyTown03,1.0,0.0,0.11225495316417038,0.14979398998600207,24.964499878736643,94.76
210000,emptyTown03,1.0,0.0,0.12114466617011062,0.15835555778806815,23.6111454231859,94.41
330000,emptyTown03,1.0,0.0,0.10329222550152059,0.14459530248965025,23.9905922567821,95.04
90000,emptyTown03,1.0,0.0,0.22086648555877458,0.24226771163204655,17.4116650679042,90.74
820000,emptyTown03,1.0,0.0,0.11972581322333269,0.16181970862271466,22.94257882239557,94.37
930000,emptyTown03,1.0,0.0,0.10649419651113172,0.15404779630162913,23.675554698075473,94.79
360000,emptyTown03,1.0,0.0,0.10216848996941261,0.13969984050495898,22.81331810509365,95.16
490000,emptyTown03,1.0,0.0,0.11623269410733875,0.1378936331467701,22.450156125608846,94.92
610000,emptyTown03,1.0,0.0,0.1082712439162405,0.14342348816214456,21.233874289462495,94.97
220000,emptyTown03,1.0,0.0,0.12384265205979958,0.1625950961139412,23.97053385852148,94.27
200000,emptyTown03,1.0,0.0,0.11793899114308333,0.16722615479692368,23.85471947033234,94.3
570000,emptyTown03,1.0,0.0,0.11856068181766881,0.14609352834080447,22.52197605019939,94.71
740000,emptyTown03,0.1,0.0,0.23787259576493205,0.047945951724162245,2.5898453771647807,4.28
380000,emptyTown03,1.0,0.0,0.1054293519854707,0.13747953448753342,22.810403012973815,95.14
110000,emptyTown03,1.0,0.0,0.20512360396168455,0.24220582334555255,20.913611571574744,91.05
530000,emptyTown03,1.0,0.0,0.11873452064120471,0.1545387786460065,22.380745616174153,94.53
710000,emptyTown03,1.0,0.0,0.12189924105092795,0.15602245736772422,22.50971919840805,94.44
150000,emptyTown03,1.0,0.0,0.1677674362449114,0.18234767740580918,23.787167989268262,93.0
580000,emptyTown03,1.0,0.0,0.11216464335052964,0.14516078884187347,22.587185462239756,94.85
670000,emptyTown03,1.0,0.0,0.11445082595656615,0.15271366269666747,22.123267429179457,94.66
770000,emptyTown03,1.0,0.0,0.1084566455581977,0.1395349621522318,22.83215660944408,95.04
1000000,emptyTown03,1.0,0.0,0.09951589766294411,0.14081403500796252,23.266523663687614,95.19
760000,emptyTown03,1.0,0.0,0.11192042875643318,0.1407164851113895,22.529142040300343,94.95
650000,emptyTown03,1.0,0.0,0.11221898975400835,0.14220994587195887,22.493486226740053,94.91
660000,emptyTown03,1.0,0.0,0.11075558112622144,0.13858288387200818,22.634479814993835,95.01
780000,emptyTown03,1.0,0.0,0.11855535849152547,0.15406630407581953,22.89510269968696,94.55
460000,emptyTown03,1.0,0.0,0.11822259112774842,0.13815893563905,21.734711147369843,94.87
870000,emptyTown03,1.0,0.0,0.11898223531744805,0.1688370198564983,23.24346003588479,94.24
30000,denseTown03,0.9,1.740966568622199,0.6012363614673768,0.8101305955588476,17.82332605956511,11.77
450000,denseTown03,1.0,0.0,0.11676527455697516,0.13934656211229549,22.82022166996874,94.88
940000,denseTown03,1.0,0.0,0.10210678173371379,0.13845172602999503,24.03130612163102,95.19
470000,denseTown03,1.0,0.0,0.11896980546850114,0.14466726580945105,21.802471264189347,94.73
730000,denseTown03,1.0,0.15200083024882394,0.10697249906670843,0.1559346772699625,20.699913490801418,44.74
830000,denseTown03,1.0,0.0,0.12455572957175236,0.12047898060663782,13.835453895968035,95.1
420000,denseTown03,1.0,0.0,0.1113952909819764,0.14650948748796014,22.85592369851541,94.84
990000,denseTown03,0.9,17.530313241445192,0.1059730163530882,0.14110240210415542,24.161180658505934,35.06
180000,denseTown03,1.0,0.0,0.13739174266961326,0.18723801451328495,23.8297011544282,93.51
890000,denseTown03,1.0,0.0,0.11632132375799978,0.15673531261065482,23.542060125352315,94.54
970000,denseTown03,1.0,0.0,0.10293619302014692,0.14790366236637467,18.72516848472315,94.98
350000,denseTown03,1.0,0.0,0.11034023209095889,0.1453906424407822,22.689537495862123,94.89
510000,denseTown03,0.9,2.8283471829120908,0.10419683493229934,0.13037735256915253,22.201002245838925,35.31
80000,denseTown03,1.0,0.0,0.2843041285711133,0.3408319393452769,18.87596871403677,87.5
980000,denseTown03,1.0,0.0,0.1291678284053281,0.18535246840328093,24.866052648290925,93.71
680000,denseTown03,1.0,0.0077249098783707905,0.11081336597065809,0.14885343770320303,22.640170847866806,44.81
700000,denseTown03,1.0,0.0,0.12323766876765337,0.157728017196062,22.115177781859195,94.38
70000,denseTown03,0.9,1.8167038261487451,0.4173958140168329,0.3507883555017389,11.011198818244548,24.64
520000,denseTown03,1.0,0.0,0.11976065595519189,0.146101257992735,22.331638178039633,94.68
10000,denseTown03,0.0,0.0,31.048293515882456,8.942782065680685,1.826260086995029,0.0
20000,denseTown03,0.0,0.0,0.43239101344033937,0.3970768431565864,1.4592659013816032,0.0
720000,denseTown03,1.0,0.0,0.1126093519469297,0.15419487036429685,22.662873718125134,94.66
600000,denseTown03,1.0,0.0,0.11001731353578623,0.14077628007054677,22.912308989009045,94.98
920000,denseTown03,1.0,0.0,0.10574310834872362,0.14847066531128422,23.189677727120927,94.92
900000,denseTown03,1.0,0.0,0.11726725365840887,0.17425041686296763,21.99930521947221,94.17
590000,denseTown03,0.1,8.819553084694784,0.10380366164046603,0.11367909122848514,22.38669535375841,0.0
40000,denseTown03,1.0,0.25852270774983943,1.3782833348400338,1.234757561315345,7.76229214883044,2.43
50000,denseTown03,0.9,7.458919699969154,0.8732877465248408,0.722712814579425,13.178144219617568,8.08
170000,denseTown03,1.0,0.3032145512612522,0.14601576390598142,0.18507753194858623,23.888462992187577,43.38
300000,denseTown03,1.0,0.20996209057198917,0.10722259863940717,0.15320248293795632,23.432434213496574,44.79
230000,denseTown03,1.0,0.0,0.1301934858282799,0.16392444481336957,24.454372041934214,94.12
850000,denseTown03,0.9,1.3482510554658251,0.10075233645669343,0.0941910529520876,12.679866293604842,36.1
430000,denseTown03,1.0,0.0,0.11381889826026378,0.1343755685510099,22.3689912795973,95.04
440000,denseTown03,0.9,2.9349427422910273,0.11733497821184391,0.14880976785314987,21.92421975246402,34.68
480000,denseTown03,1.0,0.0,0.11204266566817063,0.1508765846959573,22.43621963691981,94.74
810000,denseTown03,1.0,0.0,0.10528857266633526,0.13431086073950488,22.4769053492838,95.21
630000,denseTown03,1.0,0.0,0.11869065136591964,0.1500702577145067,22.842277057526946,94.62
880000,denseTown03,1.0,0.0,0.10496690423521993,0.14293478933801293,22.847492921556796,95.04
910000,denseTown03,1.0,0.0,0.11239731807678954,0.15345483807438737,23.69869811316939,94.68
800000,denseTown03,0.1,25.67135727778208,0.1097530966481356,0.11345545356541262,22.37041432099458,0.0
130000,denseTown03,1.0,1.2011015020787252,0.1591449552033474,0.20566590791289277,21.363136852701974,42.7
100000,denseTown03,0.9,3.6543260442844754,0.19995862494322825,0.25831230452096,19.771963672167793,30.83
500000,denseTown03,1.0,0.0,0.11537882029992008,0.13974594296742032,22.475283746526713,94.9
950000,denseTown03,1.0,0.0,0.10730514103132827,0.15269209455286684,22.615208143762874,94.8
860000,denseTown03,1.0,0.0,0.11134579917813352,0.14368007035411293,23.470581097461643,94.9
190000,denseTown03,1.0,0.11797946711222276,0.12883931589243125,0.17150810023871163,23.835028536375283,43.99
550000,denseTown03,1.0,0.0,0.11330855898763555,0.14567562255552877,22.554928690951424,94.82
840000,denseTown03,1.0,0.0,0.10636967359296971,0.13926159931424925,22.556134116696136,95.09
160000,denseTown03,1.0,0.08896988818035718,0.13050596831716568,0.18739650990658957,23.31795478944935,43.64
370000,denseTown03,1.0,3.7269333246388614,0.11349115699459422,0.14860550162324637,21.93271442004869,44.76
640000,denseTown03,1.0,0.0,0.11644148907956806,0.1472535197429116,22.335314763074628,94.73
540000,denseTown03,1.0,0.0,0.10878407784623571,0.14641778172890244,20.97854134755183,94.9
140000,denseTown03,1.0,0.2913573496780988,0.15374926414887785,0.195220148888489,22.247238677700494,43.02
790000,denseTown03,1.0,0.0,0.10681922524159478,0.14157856821879303,22.866542472495052,95.03
620000,denseTown03,1.0,0.0,0.12232941789560559,0.13779674585806728,22.376618082230618,94.8
280000,denseTown03,1.0,0.0,0.10018640939614118,0.14938867742211073,23.891522068128523,95.01
240000,denseTown03,1.0,0.0,0.10859277000767124,0.151639309950528,24.207799860639366,94.8
560000,denseTown03,1.0,0.0,0.10811927773456705,0.1509391816475719,20.14047693498315,94.82
270000,denseTown03,1.0,0.0,0.10487656617469565,0.15236428786553238,23.92504538925104,94.86
120000,denseTown03,1.0,0.2903607876991855,0.2036565341052623,0.2092065065346808,21.30187048071759,41.74
320000,denseTown03,1.0,0.1104070611419438,0.11156590149790373,0.13850097814243556,23.253825483501892,45.0
340000,denseTown03,1.0,0.0,0.10518887388864065,0.14546533066462547,23.195012137210114,94.99
290000,denseTown03,1.0,0.0,0.10667625984733882,0.14851899481642422,23.4236394245947,94.9
750000,denseTown03,1.0,0.0,0.10978993409295172,0.15135550833658723,22.4159607001406,94.78
410000,denseTown03,1.0,0.0,0.10816225455564792,0.1307743054405246,19.861280666089584,95.22
250000,denseTown03,1.0,0.0,0.11179029557769098,0.15841428530228607,24.169763649357684,94.6
60000,denseTown03,0.1,6.48718066648011,0.6632965590522846,0.29621923675275674,3.021090082573239,0.0
400000,denseTown03,1.0,0.271840577784772,0.09977898214978771,0.13738573937715817,21.17123434519406,45.26
690000,denseTown03,1.0,0.0,0.11482331359290836,0.1547050975384706,22.465015608134987,94.61
310000,denseTown03,1.0,0.0,0.10837245837784479,0.15079039713077447,23.36711113261732,94.82
390000,denseTown03,1.0,0.01217480972500648,0.09487048419925315,0.12983917558935584,19.65796552957024,45.51
260000,denseTown03,1.0,2.7167813139802868,0.10868619864412024,0.14567364893076307,23.93554737115333,44.91
960000,denseTown03,1.0,0.09700513204919896,0.10297345101073932,0.14427630485894144,21.22794976148246,45.06
210000,denseTown03,1.0,0.0080070760105942,0.11503053582792291,0.15923769276853844,23.789253052259276,44.51
330000,denseTown03,1.0,0.0,0.10598729055762501,0.13618192679096836,23.767720654960517,95.16
90000,denseTown03,0.9,0.13198257483115133,0.2203276702403089,0.2510728123029559,17.13018027511587,30.57
820000,denseTown03,1.0,0.0,0.10590518201523709,0.14169725390114146,18.982248693171833,95.05
930000,denseTown03,0.9,1.5710617561471056,0.0953761144238044,0.12968013751134744,19.43440887730615,35.5
360000,denseTown03,1.0,0.06767253943212681,0.10496397628663108,0.14873995338459603,22.821984336817643,44.93
490000,denseTown03,1.0,0.0,0.11306969577231558,0.12855669253185342,22.47744318023868,95.17
610000,denseTown03,1.0,0.0,0.11086740815920296,0.125630997469125,22.701449465270812,95.27
220000,denseTown03,1.0,0.0,0.12165240579885447,0.16807106308574138,23.892784756198473,94.21
200000,denseTown03,1.0,2.1886751397040016,0.11857385274839985,0.16450311253334657,23.601255034092002,44.34
570000,denseTown03,1.0,0.0,0.0873626660460434,0.12462331456254201,13.725252025820623,95.76
740000,denseTown03,1.0,0.0,0.13914493980409048,0.1790841355335812,21.428753246890018,93.64
380000,denseTown03,1.0,0.0,0.10317977998751993,0.13326437978463238,22.484448071239974,95.27
110000,denseTown03,1.0,0.08908941898720503,0.1903193267340904,0.23546429455057644,20.157978854370874,41.48
530000,denseTown03,1.0,0.0,0.11235675915692503,0.13247814068125793,22.655563911263297,95.1
710000,denseTown03,1.0,0.0,0.10984212845515577,0.15787621544144387,22.466792971249287,94.65
150000,denseTown03,1.0,0.0,0.1744340588896372,0.1793405543288919,24.31189584086462,92.92
580000,denseTown03,0.1,14.868193599200094,0.09665871158921471,0.10634973531514509,21.467345418089632,0.0
670000,denseTown03,1.0,0.09584906401336712,0.12341972914585222,0.15571102923589158,23.024542490442776,44.42
770000,denseTown03,1.0,0.0,0.11832776320257417,0.1676357946281401,23.013352566564656,94.28
1000000,denseTown03,1.0,0.0,0.0919347168285102,0.11618490289270758,13.498860755322493,95.84
760000,denseTown03,1.0,0.0,0.1076650085631639,0.1355780865754631,22.316755670789224,95.14
650000,denseTown03,0.1,16.791439860236196,0.10081030192425158,0.11059510208208012,22.181879618797375,0.0
660000,denseTown03,0.1,19.574693040295223,0.09372796979160028,0.1149533223916626,21.845331677924975,0.0
780000,denseTown03,1.0,0.0,0.11080409291564415,0.13968674972965617,22.636888651675143,94.99
460000,denseTown03,1.0,0.0,0.11878350957131723,0.13715544754711484,21.75986666884767,94.88
870000,denseTown03,1.0,0.0,0.10947484775022416,0.1459394510561892,22.00813292957189,94.89
30000,Town04,1.0,0.0,4.39141769109456,4.338385738994679,17.00470939386374,50.0
450000,Town04,1.0,0.0,4.308383517393006,4.460095869529472,22.992726423643543,50.0
940000,Town04,1.0,0.0,4.33436912175676,4.452925513017035,23.33578361160919,50.0
470000,Town04,1.0,0.0,4.305724882793195,4.440034531200136,22.322766782305308,50.0
730000,Town04,1.0,0.0,4.322126042388544,4.4365094049728375,22.34557101642887,50.0
830000,Town04,1.0,0.0,4.3533546941205294,4.445242771525152,23.083717619191116,50.0
420000,Town04,1.0,0.0,4.3072793201668516,4.454306612627628,23.22111024274226,50.0
990000,Town04,1.0,0.0,4.249654403932169,4.471680343306426,24.41641372535272,50.0
180000,Town04,1.0,0.0,4.338340270919639,4.464078217339545,23.583865579222113,50.0
890000,Town04,1.0,0.0,4.339534120982584,4.446571942563398,23.253078119496735,50.0
970000,Town04,1.0,0.0,4.683808473218944,4.3897216020537835,21.999069982500945,50.0
350000,Town04,1.0,0.0,4.297624793936588,4.456438980741244,23.021351739150976,50.0
510000,Town04,1.0,0.0,4.3711422804633715,4.4402734039750635,22.00602484981608,50.0
80000,Town04,1.0,0.0,4.403589949983814,4.404769597055614,21.771697958657573,50.0
980000,Town04,1.0,0.0,4.309507516110204,4.469472234908286,24.24899445401392,50.0
680000,Town04,1.0,0.0,4.320429946020606,4.442742683645603,22.739513642393042,50.0
700000,Town04,1.0,0.0,4.354869653451724,4.43253806756371,22.27638563803522,50.0
70000,Town04,1.0,0.0,4.394659724043869,4.390260976517185,20.5082845034493,50.0
520000,Town04,1.0,0.0,4.343932609074152,4.44219126107761,22.074552298551936,50.0
10000,Town04,0.0,0.6126858380895237,4.614679516969277,1.5390228353390838,1.3662803567450879,0.0
20000,Town04,0.0,0.0,0.003484288815660524,0.0,0.00042605390176119986,0.0
720000,Town04,1.0,0.0,4.332107126690483,4.432399408775252,22.58406831489785,50.0
600000,Town04,1.0,0.0,4.3102995053208915,4.437013985314287,22.320686051806707,50.0
920000,Town04,1.0,0.0,4.312593293436261,4.449842174467639,23.218070535549096,50.0
900000,Town04,1.0,0.0,4.344698148581665,4.444839483322235,23.29321579011197,50.0
590000,Town04,1.0,0.0,4.3256918847723735,4.434237335766009,22.289562936203946,50.0
40000,Town04,1.0,0.0,4.5142662038799966,4.306402732193481,16.184756980370402,50.0
50000,Town04,1.0,0.0,4.464453246434438,4.341759026206185,19.87402114703187,50.0
170000,Town04,1.0,0.0,4.348442295107169,4.459847923025822,24.103591722990405,50.0
300000,Town04,1.0,0.0,4.336683007236085,4.463024584567781,23.248614334713533,50.0
230000,Town04,1.0,0.0,4.297871187102163,4.463198788072236,24.044760080922238,50.0
850000,Town04,1.0,0.0,4.3157513488449,4.441978197219977,22.934254739655834,50.0
430000,Town04,1.0,0.0,4.328146750737231,4.446143767662773,23.310886549699802,50.0
440000,Town04,1.0,0.0,4.31103346818208,4.459105075511822,22.819330634436767,50.0
480000,Town04,1.0,0.0,4.341964064542712,4.444041478489129,22.517428181241456,50.0
810000,Town04,1.0,0.0,4.35730462188035,4.452152118310396,23.16153484646634,50.0
630000,Town04,1.0,0.0,4.336366090270507,4.438321742100532,22.36041163101504,50.0
880000,Town04,1.0,0.0,4.3059363280370295,4.439360142445269,23.215895463467707,50.0
910000,Town04,1.0,0.0,4.331753767736592,4.450522484871977,23.296049507949856,50.0
800000,Town04,1.0,0.0,4.321795653164628,4.4336523245426065,22.616694984144537,50.0
130000,Town04,1.0,0.0,4.345149058555366,4.42360929282098,23.19537694682643,50.0
100000,Town04,1.0,0.0,4.3576853186231075,4.416824912773746,22.66877162503874,50.0
500000,Town04,0.1,26.60989692855754,4.618850781542699,4.440385200506644,22.484124562677447,0.0
950000,Town04,1.0,0.0,4.62526206814916,4.400766411177548,22.09497803257698,50.0
860000,Town04,1.0,0.0,4.3557492114479235,4.444590839453435,23.066743691141077,50.0
190000,Town04,1.0,0.0,4.32647117692568,4.4609889878084585,23.992807595366244,50.0
550000,Town04,0.1,47.24892937782473,4.738808411425457,4.451824767963624,22.224298785061045,0.0
840000,Town04,1.0,0.0,4.300780574830936,4.43695737404993,22.713022378373935,50.0
160000,Town04,1.0,0.0,4.335176317771494,4.459183216791337,24.052400046002806,50.0
370000,Town04,1.0,0.0,4.340250303258154,4.466725121995194,23.382990926649477,50.0
640000,Town04,1.0,0.0,4.307680725592599,4.4402664128835,22.5967749639712,50.0
540000,Town04,1.0,0.0,4.368642378792989,4.455227648469157,22.44470708263065,50.0
140000,Town04,0.9,3.1812384301313843,4.367843673111798,4.444522413200534,23.644801708262573,0.0
790000,Town04,1.0,0.0,4.367641990048677,4.43819833168353,22.709654933332374,50.0
620000,Town04,1.0,0.0,4.333450740419423,4.434197127256385,22.386273596859787,50.0
280000,Town04,0.9,3.6302752301654166,4.165198700773507,4.374143505447197,23.577448765650402,0.0
240000,Town04,1.0,0.0,4.321233242606485,4.465818000739196,23.93118983797978,50.0
560000,Town04,1.0,0.0,4.347435720616302,4.458173024334665,22.23145521009236,50.0
270000,Town04,1.0,0.0,4.33133516130633,4.4647371115107415,23.890034957325234,50.0
120000,Town04,1.0,0.0,4.359844780575972,4.417171930825825,23.58728244851992,50.0
320000,Town04,1.0,0.0,4.311143253429101,4.469232576434254,23.005190959759005,50.0
340000,Town04,1.0,0.0,4.317181520474897,4.464243830877244,23.510119592478002,50.0
290000,Town04,1.0,0.0,4.298654558370586,4.4628369497520906,23.331308884944054,50.0
750000,Town04,0.9,3.9664199896789456,3.9525589391432967,4.009221064956664,22.519129761290202,0.0
410000,Town04,0.9,4.070110426469666,4.316738052986392,4.451952292144781,23.475272225890897,0.0
250000,Town04,1.0,0.0,4.329886837131066,4.462392781497601,23.987600712074464,50.0
60000,Town04,0.1,24.540673874106833,4.728834012317959,4.388161006789647,20.847272562388703,0.0
400000,Town04,1.0,0.0,4.322544772792267,4.457600415637333,23.41279905964597,50.0
690000,Town04,0.1,32.50864748402122,4.772845424216745,4.429990922416169,22.228949448325494,0.0
310000,Town04,0.9,3.989689265541846,3.936695240477414,4.040863144845431,23.599685942882928,0.0
390000,Town04,1.0,0.0,4.320395346541065,4.459270112749552,23.167576232440155,50.0
260000,Town04,1.0,0.0,4.319314027470836,4.468040755465025,23.779688975394233,50.0
960000,Town04,1.0,0.0,4.324111600256957,4.451442778767996,23.50300101417041,50.0
210000,Town04,1.0,0.0,4.32698199201724,4.464567468841637,23.402015389584868,50.0
330000,Town04,1.0,0.0,4.316157985865279,4.4578492009288295,23.859078242117942,50.0
90000,Town04,0.1,23.049404736708436,4.700074641647544,4.395810843977938,20.89440530116913,0.0
820000,Town04,1.0,0.0,4.331743315196652,4.4378363447360005,23.074892949320056,50.0
930000,Town04,1.0,0.0,4.320309171982373,4.439383735980366,23.30041954586609,50.0
360000,Town04,1.0,0.0,4.3247763996344135,4.470214679903032,23.587724088955536,50.0
490000,Town04,1.0,0.0,4.272232964275087,4.4394649083582145,22.225713468620153,50.0
610000,Town04,1.0,0.0,4.336161369860767,4.432879364467164,22.514698624531814,50.0
220000,Town04,1.0,0.0,4.320133722161684,4.459644811830006,23.524423102476803,50.0
200000,Town04,0.9,4.624054625524499,4.373401414492818,4.464028677359879,23.57730080099167,0.0
570000,Town04,1.0,0.0,4.34634340093925,4.449461494471348,22.2062811425286,50.0
740000,Town04,1.0,0.0,4.34310980518373,4.442300378099897,22.588882950376423,50.0
380000,Town04,1.0,0.0,4.330488169186206,4.464765681542078,23.298937069553585,50.0
110000,Town04,1.0,0.0,4.398794719368075,4.4097631418781225,23.036400801820072,50.0
530000,Town04,0.1,31.587519614557333,5.120331951885982,4.340698217359796,22.05934629648206,0.0
710000,Town04,1.0,0.0,4.333982641838484,4.433810525377721,22.217884678155116,50.0
150000,Town04,1.0,0.0,4.329360319702362,4.439401826269797,24.61063961358686,50.0
580000,Town04,1.0,0.0,4.3140027212849335,4.440545017015826,22.24853499887098,50.0
670000,Town04,1.0,0.0,4.3189834983675395,4.44918864131323,22.6693950054947,50.0
770000,Town04,1.0,0.0,4.361581411535994,4.438219189775586,22.637969549922033,50.0
1000000,Town04,0.9,4.2863590284572215,4.340746529758431,4.465837856333889,23.727560493471124,0.0
760000,Town04,1.0,0.0,4.351702883549017,4.450951796360975,22.54268355525366,50.0
650000,Town04,1.0,0.0,4.3287840886119655,4.436603266507753,22.187644237579878,50.0
660000,Town04,0.1,24.266676879001267,4.563575730985741,4.44797718366533,22.683409404551856,0.0
780000,Town04,1.0,0.0,4.318270427509338,4.4397441950997445,22.637332423440238,50.0
460000,Town04,0.9,4.140111657753739,4.311489482343776,4.4514937225517786,22.520373112500813,0.0
870000,Town04,0.9,3.9568451176451753,3.9610675149023473,4.010564201942082,23.092600453835384,0.0
30000,emptyTown04,1.0,0.0,4.399966388857715,4.339498917868186,17.020414318637414,50.0
450000,emptyTown04,0.9,0.0,4.226570221091171,4.444677405175123,22.287955274996712,40.0
940000,emptyTown04,1.0,0.0,4.3010168499568895,4.46681838628079,24.22314993996759,50.0
470000,emptyTown04,0.9,0.0,4.26816546160078,4.429386409676049,21.897402202657975,40.0
730000,emptyTown04,1.0,0.0,4.33656934898233,4.440763206523635,22.292680269405366,50.0
830000,emptyTown04,1.0,0.0,4.3647893750071605,4.453023506334276,22.773606012676964,50.0
420000,emptyTown04,1.0,0.0,4.321336838089789,4.460588950550442,23.254100125383683,50.0
990000,emptyTown04,1.0,0.0,4.291127187025894,4.471400940945787,24.33620436995279,50.0
180000,emptyTown04,1.0,0.0,4.345585769001119,4.468682726695347,23.726254254613536,50.0
890000,emptyTown04,1.0,0.0,4.316619179924676,4.445193844966148,23.03138019110218,50.0
970000,emptyTown04,1.0,0.0,4.252217268211615,4.470720386810173,24.37320485384322,50.0
350000,emptyTown04,1.0,0.0,4.3125890860632765,4.464254358873288,23.140431133715374,50.0
510000,emptyTown04,1.0,0.0,4.361915046784759,4.44107028727465,22.159165358515594,50.0
80000,emptyTown04,1.0,0.0,4.4067546434643035,4.405690992508359,21.79464419946218,50.0
980000,emptyTown04,1.0,0.0,4.286709661969276,4.474328393020881,24.364508112955132,50.0
680000,emptyTown04,1.0,0.0,4.323261177598764,4.435098255476388,22.617237066692358,50.0
700000,emptyTown04,1.0,0.0,4.354614596600407,4.437749239875361,22.50928232338818,50.0
70000,emptyTown04,1.0,0.0,4.416591094355855,4.398333683479125,20.566657411410187,50.0
520000,emptyTown04,1.0,0.0,4.3369965538568,4.417533089052448,22.02867922345638,50.0
10000,emptyTown04,0.0,0.2535093267726671,5.014454465903484,1.0843452828589413,1.0346163776527526,0.0
20000,emptyTown04,0.0,0.0,0.003484288815660524,0.0,0.0004260732745402466,0.0
720000,emptyTown04,1.0,0.0,4.316166653931953,4.429342277603849,22.458028708575927,50.0
600000,emptyTown04,1.0,0.0,4.326647636623742,4.438565548511948,22.506674941564434,50.0
920000,emptyTown04,1.0,0.0,4.335876573354989,4.448712233376403,23.14269488616378,50.0
900000,emptyTown04,1.0,0.0,4.356662628795601,4.448671757640438,23.074434076725947,50.0
590000,emptyTown04,1.0,0.0,4.343280614003733,4.434977255199013,22.276440678112305,50.0
40000,emptyTown04,0.9,0.0,4.449089694058801,4.263576449058848,15.879019857706982,40.0
50000,emptyTown04,1.0,0.0,4.477332304182714,4.34193637607561,19.839484112383406,50.0
170000,emptyTown04,1.0,0.0,4.341514704210531,4.464550726517392,24.17400550811832,50.0
300000,emptyTown04,1.0,0.0,4.334286691668633,4.465727486669634,23.20344194367909,50.0
230000,emptyTown04,1.0,0.0,4.316607582844924,4.472676613675745,24.06702826362766,50.0
850000,emptyTown04,1.0,0.0,4.340664849255816,4.442290937674051,22.976488323803288,50.0
430000,emptyTown04,1.0,0.0,4.329769367319685,4.4526334182006195,23.317904163603146,50.0
440000,emptyTown04,1.0,0.0,4.305272576640612,4.459726560956433,22.779040269336342,50.0
480000,emptyTown04,1.0,0.0,4.355246100486719,4.441160095671636,22.4595074745127,50.0
810000,emptyTown04,1.0,0.0,4.365784332150797,4.454098157571353,22.69163842245349,50.0
630000,emptyTown04,1.0,0.0,4.353046078377528,4.441412506767176,22.23138810516786,50.0
880000,emptyTown04,1.0,0.0,4.37268277804228,4.447801351703075,23.106724018548675,50.0
910000,emptyTown04,1.0,0.0,4.31257712795353,4.44615631661131,23.152098692994382,50.0
800000,emptyTown04,1.0,0.0,4.350784005399121,4.436435790221074,22.534333591063398,50.0
130000,emptyTown04,1.0,0.0,4.337156708799279,4.432823006436214,23.180291631610466,50.0
100000,emptyTown04,1.0,0.0,4.3569441454643485,4.4249222078794475,22.696367673384355,50.0
500000,emptyTown04,1.0,0.0,4.33818640259192,4.44709478330605,22.618978574954106,50.0
950000,emptyTown04,1.0,0.0,4.3439592945475,4.4571304305034385,23.41975994516644,50.0
860000,emptyTown04,1.0,0.0,4.362132976482821,4.447399561662428,22.87518790162156,50.0
190000,emptyTown04,1.0,0.0,4.341236966462572,4.472534415086711,24.028787271039295,50.0
550000,emptyTown04,1.0,0.0,4.3344652326620094,4.450120444539211,22.436749651282163,50.0
840000,emptyTown04,1.0,0.0,4.346045193096853,4.4518860368394915,22.912219747536533,50.0
160000,emptyTown04,1.0,0.0,4.341548386378238,4.464961352560526,24.056492121025464,50.0
370000,emptyTown04,1.0,0.0,4.325258387142208,4.468931106727646,23.026298057611086,50.0
640000,emptyTown04,1.0,0.0,4.33886128301139,4.442853157215427,22.611154875729618,50.0
540000,emptyTown04,1.0,0.0,4.401253992670644,4.458476388846851,22.401843733679197,50.0
140000,emptyTown04,1.0,0.0,4.324517318672339,4.444129158379546,23.690078942813827,50.0
790000,emptyTown04,1.0,0.0,4.348989006128985,4.436977483933205,22.547460063949764,50.0
620000,emptyTown04,1.0,0.0,4.369359581287166,4.439567379103584,22.37522462230182,50.0
280000,emptyTown04,1.0,0.0,4.329404575858343,4.466898998380539,23.645029360248873,50.0
240000,emptyTown04,1.0,0.0,4.329285900016821,4.47167200763551,23.923530742384674,50.0
560000,emptyTown04,1.0,0.0,4.346018071388668,4.4426448694637495,22.428246129805665,50.0
270000,emptyTown04,1.0,0.0,4.323615724356212,4.4720126645579,23.83583319965181,50.0
120000,emptyTown04,1.0,0.0,4.351807722259362,4.423094797787697,23.55589695184017,50.0
320000,emptyTown04,1.0,0.0,4.331667224821892,4.469491065326798,23.035053370999837,50.0
340000,emptyTown04,1.0,0.0,4.3258674054447965,4.467447217533885,23.59160363806447,50.0
290000,emptyTown04,1.0,0.0,4.336185466637519,4.470729886234224,23.45059229500842,50.0
750000,emptyTown04,1.0,0.0,4.36608336947558,4.444015389482766,22.436622170893294,50.0
410000,emptyTown04,1.0,0.0,4.314996351482654,4.461792324009704,23.57610918395776,50.0
250000,emptyTown04,1.0,0.0,4.3091647730152935,4.466888264190004,23.802072040581358,50.0
60000,emptyTown04,1.0,0.0,4.412407172572448,4.399036587311395,21.07106411878762,50.0
400000,emptyTown04,1.0,0.0,4.31870235854931,4.460956775099352,23.320147198143935,50.0
690000,emptyTown04,1.0,0.0,4.340471915082743,4.438943699234897,22.658965099423586,50.0
310000,emptyTown04,1.0,0.0,4.305489387351433,4.469072680953595,23.666019882171696,50.0
390000,emptyTown04,1.0,0.0,4.296617653738639,4.4616914148879845,23.08811928161671,50.0
260000,emptyTown04,1.0,0.0,4.336171889073367,4.475568372928089,23.847754626945875,50.0
960000,emptyTown04,0.9,0.0,4.385749221945309,4.443909505537674,23.701209264141113,40.0
210000,emptyTown04,1.0,0.0,4.329583164742477,4.466028674109966,23.454936092625772,50.0
330000,emptyTown04,1.0,0.0,4.326627247034748,4.465211503116146,23.775952335432414,50.0
90000,emptyTown04,1.0,0.0,4.366926132743825,4.412386741674273,21.056294660493666,50.0
820000,emptyTown04,1.0,0.0,4.3277171667662815,4.447726862791425,22.839535832941532,50.0
930000,emptyTown04,1.0,0.0,4.3496999660710856,4.453208331983921,23.28673308099534,50.0
360000,emptyTown04,1.0,0.0,4.321274472043305,4.469626767388512,23.333234654478936,50.0
490000,emptyTown04,0.0,0.0,2.825821803067421,4.125461711811608,14.14377213110943,0.0
610000,emptyTown04,1.0,0.0,4.357591305178543,4.434809523986405,22.2859545756936,50.0
220000,emptyTown04,1.0,0.0,4.3346643109441745,4.465291631054394,23.597677264975225,50.0
200000,emptyTown04,1.0,0.0,4.332988687838236,4.4672590215652574,23.732431393132938,50.0
570000,emptyTown04,1.0,0.0,4.363541080195707,4.4324302511022085,21.775926250504362,50.0
740000,emptyTown04,1.0,0.0,4.345452075521162,4.431667577229189,22.34502849462962,50.0
380000,emptyTown04,1.0,0.0,4.329393934209026,4.470204385581242,23.314840083732843,50.0
110000,emptyTown04,1.0,0.0,4.3657971560269955,4.420676029795272,23.102404156335687,50.0
530000,emptyTown04,1.0,0.0,4.3158960762692065,4.443575207547722,22.360204842809356,50.0
710000,emptyTown04,1.0,0.0,4.351467485328311,4.444193864897351,22.33040343559916,50.0
150000,emptyTown04,1.0,0.0,4.334532525365797,4.449967357074113,24.502696466349857,50.0
580000,emptyTown04,1.0,0.0,4.353793240665037,4.445689872993078,22.397888351883,50.0
670000,emptyTown04,1.0,0.0,4.318020446045009,4.442305218796673,22.812500396656116,50.0
770000,emptyTown04,1.0,0.0,4.35007987914025,4.436260236765433,22.609857442654256,50.0
1000000,emptyTown04,1.0,0.0,4.313953329836318,4.461671335945839,23.710546329148883,50.0
760000,emptyTown04,1.0,0.0,4.347757565960228,4.44879352063912,22.504952246959256,50.0
650000,emptyTown04,1.0,0.0,4.352859840928218,4.442550579118371,22.25981334101136,50.0
660000,emptyTown04,1.0,0.0,4.311731940955214,4.4458162117692215,22.79554418727355,50.0
780000,emptyTown04,1.0,0.0,4.339372370247109,4.443855113524205,22.710659698586625,50.0
460000,emptyTown04,1.0,0.0,4.310831404750059,4.460868396137235,22.78189939467606,50.0
870000,emptyTown04,1.0,0.0,4.325614661391871,4.440736472844016,22.926719779296207,50.0
30000,denseTown04,1.0,0.0,4.4097008611000375,4.337129168982564,17.05706126651687,50.0
450000,denseTown04,0.1,26.64613273825764,4.258914224511717,4.418896896146498,19.778744992576726,0.0
940000,denseTown04,1.0,0.0,4.330688449927773,4.446596963450192,23.365576990684936,50.0
470000,denseTown04,0.9,3.8756719654379994,4.112676530463344,4.311932906349741,22.643939704285003,0.0
730000,denseTown04,1.0,0.0,4.36318612740303,4.441440975427911,22.60722270419389,50.0
830000,denseTown04,1.0,0.0,4.336929820104116,4.444593887970156,23.052775258335185,50.0
420000,denseTown04,0.1,38.133207344832954,4.331869885796312,4.428232167192963,23.273695373381646,0.0
990000,denseTown04,1.0,0.0,4.276963476965186,4.469366499599116,24.448957954415423,50.0
180000,denseTown04,1.0,0.0,4.348587523679219,4.46845644981367,23.743273715135466,50.0
890000,denseTown04,1.0,0.0,4.335769695553776,4.448664557536271,23.205837178779735,50.0
970000,denseTown04,1.0,0.0,4.2832735720715664,4.472562050890232,24.54508374489048,50.0
350000,denseTown04,0.9,4.390503515043015,4.278272559137908,4.439632332883469,23.040700201796717,0.0
510000,denseTown04,0.9,3.352226570717078,3.9746201311196847,4.0096767338669315,22.602944479065304,0.0
80000,denseTown04,1.0,0.0,4.392354116144235,4.398291300797588,21.821744688232087,50.0
980000,denseTown04,1.0,0.0,4.273305266992923,4.4667034414005915,24.37772798784082,50.0
680000,denseTown04,1.0,0.0,4.329041348533633,4.43240113828747,22.678084594794218,50.0
700000,denseTown04,1.0,0.0,4.336818143615814,4.432726151168805,22.614055843851826,50.0
70000,denseTown04,0.9,4.607902839242818,4.426442056567891,4.395616013333725,20.353676974193654,0.0
520000,denseTown04,1.0,0.0,4.335671849415559,4.437746741568373,22.113711488890626,50.0
10000,denseTown04,0.0,0.30341286253505007,4.841850891899422,1.0533865356304541,1.0264454807116632,0.0
20000,denseTown04,0.0,0.0,0.09777699076427813,0.07133518062248427,0.19979469355187782,0.0
720000,denseTown04,1.0,0.0,4.3657202444517695,4.425518364757091,22.485457048870952,50.0
600000,denseTown04,1.0,0.0,4.360250294342805,4.43462710624123,22.51745318652833,50.0
920000,denseTown04,1.0,0.0,4.72185513835031,4.384370126825253,21.027287486113078,50.0
900000,denseTown04,1.0,0.0,4.344608645203136,4.450242392457865,23.46242777687476,50.0
590000,denseTown04,1.0,0.0,4.1606181017739825,4.42773774137202,21.46517712891626,50.0
40000,denseTown04,0.9,2.943302469506908,4.2529404127782575,3.996492529400959,16.439915782108763,0.0
50000,denseTown04,1.0,0.0,4.482941201259541,4.32619326058303,20.08532153080987,50.0
170000,denseTown04,1.0,0.0,4.348405129797574,4.459279974510942,24.229473577206925,50.0
300000,denseTown04,1.0,0.0,4.32189251757765,4.459564618845537,23.32132503046805,50.0
230000,denseTown04,1.0,0.0,4.340897690509849,4.467994320526348,24.074234044091362,50.0
850000,denseTown04,1.0,0.0,4.35664169870893,4.437121144106658,23.072106693091833,50.0
430000,denseTown04,1.0,0.0,4.34048200770584,4.450542650127976,23.384929162795434,50.0
440000,denseTown04,1.0,0.0,4.305396860405148,4.462750029924041,22.772363589393507,50.0
480000,denseTown04,1.0,0.0,4.363050533221462,4.438955025646076,22.511214823452168,50.0
810000,denseTown04,0.9,3.4842005090949604,4.188063648106301,4.346498949381013,23.090006891437127,0.0
630000,denseTown04,0.9,4.079837944201901,3.9703101583732936,4.005959228412895,22.769528715504954,0.0
880000,denseTown04,1.0,0.0,4.33646808454519,4.447956417634449,23.231251169942315,50.0
910000,denseTown04,1.0,0.0,4.315909171282081,4.443595374752344,23.205037377329127,50.0
800000,denseTown04,1.0,0.0,4.329087544431623,4.430824650664678,22.59993678117788,50.0
130000,denseTown04,0.9,2.469901027867737,4.341045570201669,4.424417292263219,23.157488089711876,0.0
100000,denseTown04,1.0,0.0,4.348066764331676,4.414430044377694,22.640298218388796,50.0
500000,denseTown04,1.0,0.0,4.377750346978713,4.44162642656867,22.63973468770714,50.0
950000,denseTown04,1.0,0.0,4.325595963940996,4.456831165321484,23.508347029069782,50.0
860000,denseTown04,0.9,3.8594763715526086,3.965293554631846,4.016135721955754,23.167968565086436,0.0
190000,denseTown04,1.0,0.0,4.342519327203756,4.465327410334117,23.985970541194867,50.0
550000,denseTown04,0.9,4.224443176445655,4.321746861136647,4.450391902177849,22.490260945467632,0.0
840000,denseTown04,1.0,0.0,4.358489906588284,4.443451162996138,23.15230148169814,50.0
160000,denseTown04,1.0,0.0,4.349231432666153,4.4628668912455485,24.17966740459852,50.0
370000,denseTown04,0.1,38.74567187974039,4.498507291685617,4.466459855978394,23.195277706368802,0.0
640000,denseTown04,1.0,0.0,4.32111386693961,4.429548423482231,22.440552212233655,50.0
540000,denseTown04,1.0,0.0,4.373394977937101,4.455741498257703,22.692240842013252,50.0
140000,denseTown04,0.9,4.732535169711975,4.367849800190112,4.446344508872836,23.71852210777007,0.0
790000,denseTown04,1.0,0.0,4.326631913754801,4.442065267105065,22.582885006114804,50.0
620000,denseTown04,0.1,34.010314009849246,5.128775650731129,4.348226776612197,22.280918089108127,0.0
280000,denseTown04,1.0,0.0,4.329807677492036,4.463662961547337,23.67329990262188,50.0
240000,denseTown04,0.9,2.856108046551528,4.3904790565490925,4.477694854037358,24.054672669107664,0.0
560000,denseTown04,1.0,0.0,4.353566098855036,4.452866673742513,22.400492187825172,50.0
270000,denseTown04,1.0,0.0,4.32260875880038,4.466570056267569,23.946810872799794,50.0
120000,denseTown04,1.0,0.0,4.338892404748009,4.414256616203242,23.706173694595854,50.0
320000,denseTown04,0.9,3.796262000531631,4.152781382628464,4.357959922164495,23.231073740675292,0.0
340000,denseTown04,1.0,0.0,4.315410854363355,4.461270159819961,23.49589643124441,50.0
290000,denseTown04,1.0,0.0,4.3404467811008605,4.462569114395492,23.65351964346035,50.0
750000,denseTown04,1.0,0.0,4.342405002363698,4.436530145719184,22.54489697125703,50.0
410000,denseTown04,1.0,0.0,4.300690782548131,4.44966841129702,23.620199862624226,50.0
250000,denseTown04,1.0,0.0,4.335053091642283,4.470958072155154,23.935929673842587,50.0
60000,denseTown04,0.9,2.365220033173247,4.020662854494494,3.9736296864737937,21.008358675377213,0.0
400000,denseTown04,0.1,38.6825825935396,4.23673082170564,4.279093389272089,23.25510772485119,0.0
690000,denseTown04,0.9,3.983759490287148,4.302794207859388,4.432913790129288,22.768828907278568,0.0
310000,denseTown04,0.9,5.460676874797704,4.358741503206479,4.468111080529833,23.77725479562473,0.0
390000,denseTown04,1.0,0.0,4.356751473655815,4.461092635851827,23.222298820583333,50.0
260000,denseTown04,1.0,0.0,4.333840807861672,4.471165956592138,23.90267103382368,50.0
960000,denseTown04,1.0,0.0,4.315483428243043,4.457781589944678,23.546385935192298,50.0
210000,denseTown04,1.0,0.0,4.356033222276315,4.462485864305225,23.436381039648655,50.0
330000,denseTown04,1.0,0.0,4.327499388525685,4.463119935937739,23.815020442507812,50.0
90000,denseTown04,0.1,27.560282217038406,4.645112330241032,4.379077373358426,20.91188145028106,0.0
820000,denseTown04,1.0,0.0,4.350089617918691,4.43685065960521,22.940220024593174,50.0
930000,denseTown04,0.9,4.685228462623018,4.394943880969798,4.452922917929249,23.52849263352944,0.0
360000,denseTown04,1.0,0.0,4.344212119131821,4.468626653431434,23.499247744925082,50.0
490000,denseTown04,1.0,0.0,4.356079838500061,4.439097336905202,22.43829107588254,50.0
610000,denseTown04,0.1,40.32571349185082,5.0551208692633605,4.349851415286743,22.25967787226936,0.0
220000,denseTown04,1.0,0.0,4.327271408041247,4.456318540912908,23.619081571115885,50.0
200000,denseTown04,1.0,0.0,4.338302019918823,4.46096891631216,23.80705124349374,50.0
570000,denseTown04,1.0,0.0,4.324657925415723,4.438966379289907,22.15640023339131,50.0
740000,denseTown04,0.9,3.811308542808296,4.179601672474375,4.340495586026085,22.67183396009836,0.0
380000,denseTown04,1.0,0.0,4.358791537650615,4.468465746896506,23.405921558696754,50.0
110000,denseTown04,1.0,0.0,4.371178889843439,4.415655080703748,23.035713187880543,50.0
530000,denseTown04,1.0,0.0,4.355392534447029,4.451957571218586,22.288092694463728,50.0
710000,denseTown04,1.0,0.0,4.3253777845618515,4.436767895905831,22.349177204312788,50.0
150000,denseTown04,0.1,22.90096482510977,3.5563873568350837,3.945601871910405,24.339933783457457,0.0
580000,denseTown04,1.0,0.0,4.350735113150618,4.438243449488186,22.44778329497364,50.0
670000,denseTown04,1.0,0.0,4.335035311036018,4.443470913034526,22.784286991594126,50.0
770000,denseTown04,0.9,3.089274006388557,3.9844332315752586,4.014015257347721,22.904874154503045,0.0
1000000,denseTown04,1.0,0.0,4.290397314225665,4.452739913539228,23.871755329270435,50.0
760000,denseTown04,1.0,0.0,4.347064534701666,4.444039122690345,22.497137288738507,50.0
650000,denseTown04,1.0,0.0,4.343347339460559,4.444800985184432,22.33545414790394,50.0
660000,denseTown04,1.0,0.0,4.338903838587896,4.445135689164478,22.887232576959093,50.0
780000,denseTown04,0.9,3.7956263069139142,3.9823790818269957,4.0179185600220935,22.87451868960755,0.0
460000,denseTown04,1.0,0.0,4.326881772460142,4.458069630416793,22.87647082361633,50.0
870000,denseTown04,1.0,0.0,4.343467846341646,4.442265809180161,23.144518502899853,50.0
30000,Town05,0.1,5.513088429990094,1.9644053432883815,0.45262990991653645,2.279808946993705,0.0
450000,Town05,1.0,0.0,0.09762717100990503,0.09106374959495041,23.44810910619221,96.23
940000,Town05,0.1,0.07963089546855022,0.09915053853673202,0.11012934196516706,21.972341115649094,0.0
470000,Town05,1.0,0.0,0.11853140865303335,0.19381942337179184,23.039396243603807,93.75
730000,Town05,1.0,0.0,0.10327465621272436,0.11554436771572732,23.599142463452175,95.62
830000,Town05,0.1,4.3449704742004895,0.09548345668195121,0.1006616839781119,21.649127945898456,0.0
420000,Town05,0.1,0.10603531873712484,0.08865177138347258,0.09528218819371563,21.475800431092686,0.0
990000,Town05,0.1,0.13162549314392935,0.09807693385355086,0.10703449923840543,21.648739985950886,0.0
180000,Town05,0.1,3.9179856838110516,0.16475050179804088,0.1516652726514663,21.231217746113277,0.0
890000,Town05,0.1,0.019416894891703645,0.09736229190556762,0.10599050959278458,21.897949094312818,0.0
970000,Town05,0.1,0.03275995479168079,0.10426223355773274,0.12434486090425638,23.874960087154783,0.0
350000,Town05,0.1,0.02077448508822042,0.10901778730205594,0.07251992797558544,14.047377793872826,0.0
510000,Town05,1.0,0.0,0.09994870084876599,0.10103684595042366,22.43892625833334,95.98
80000,Town05,0.9,0.0,0.2674288356881623,0.2871036973871153,17.339043163431345,78.91
980000,Town05,0.1,12.33788148700351,0.12043029684088116,0.15298285846779916,23.388442342715017,0.0
680000,Town05,0.1,3.113460967125508,0.11130029075837525,0.1204383605378638,22.581075639685395,0.0
700000,Town05,0.1,10.946905619892586,0.12590753753161435,0.12372410650360346,20.972410136726808,0.0
70000,Town05,0.9,0.0,0.3827510196195461,0.34941701000068526,15.775964771388734,75.36
520000,Town05,0.9,0.0,0.12995407791230826,0.09355833452220834,21.072985154195063,85.53
10000,Town05,0.0,1.2754646705376376,2.9366026234865474,2.3955423924505483,7.323956239004076,0.0
20000,Town05,0.0,0.0,0.12971603460819514,0.026360762420773398,0.05930211309164848,0.0
720000,Town05,0.1,0.3365740997610721,0.1105710158354952,0.09214880776301218,20.844848474505813,0.0
600000,Town05,0.9,0.0,0.12953220418007289,0.10375044386217769,21.458654890541702,85.33
920000,Town05,1.0,0.0,0.09772331818271854,0.1089982748225579,23.54750985517573,95.87
900000,Town05,1.0,0.0,0.10240920244784349,0.1041375354433767,22.63657866758722,95.87
590000,Town05,1.0,0.0,0.1280793322523639,0.10139929023677634,21.810329651278245,95.41
40000,Town05,0.1,0.19409955416466218,2.562922530817605,0.32760497571009256,0.8592329518860563,0.0
50000,Town05,0.1,0.5668309088931218,0.7057943839832831,0.5612552905535761,8.231699651093587,0.0
170000,Town05,1.0,0.0,0.15828591349662974,0.15158862063012063,23.279862275463188,93.8
300000,Town05,1.0,0.0,0.1123122525332237,0.09884528772870622,22.938150222289927,95.78
230000,Town05,1.0,0.0,0.14202615066591434,0.1368771937597427,24.023581988356533,94.42
850000,Town05,1.0,0.0,0.10358819064177098,0.11188004986428286,23.747179537447966,95.69
430000,Town05,1.0,0.0,0.10876194572886397,0.09020738947736959,22.58046996835974,96.02
440000,Town05,1.0,0.0,0.11805501141004064,0.12922383287032774,22.74412190117027,95.05
480000,Town05,1.0,0.0,0.09216695699293012,0.09772740603631538,22.760280572592148,96.2
810000,Town05,0.1,1.2668924185089712,0.09515982109958113,0.1041369665654478,23.030150124840542,0.0
630000,Town05,0.1,0.20135648015830315,0.09338850588969831,0.09139510748495268,22.165082146002753,0.0
880000,Town05,0.1,4.656152172559422,0.11314101385006639,0.1162829049577766,22.60635859482885,0.0
910000,Town05,0.9,1.8649276544921563,0.1055952572784811,0.10756146136779243,23.906499187973484,35.74
800000,Town05,1.0,0.0,0.09945204281890015,0.11711896528133699,24.421467948433047,95.67
130000,Town05,1.0,0.0,0.16716558684507826,0.17219449103195644,21.857892658246993,93.21
100000,Town05,1.0,0.0,0.19606061167608427,0.1784462738074945,18.894654748147637,92.51
500000,Town05,1.0,0.0,0.1096421092336779,0.13170480504517532,22.55845408603576,95.17
950000,Town05,0.1,0.06603668488657782,0.1113303906645994,0.12508783451035682,23.15219570974122,0.0
860000,Town05,0.1,0.2429279730310987,0.09367600870528969,0.10452086684055364,21.636894651017126,0.0
190000,Town05,0.0,1.7160589537228215,0.2091446655124174,0.143325322784167,12.540935807278235,0.0
550000,Town05,1.0,0.0,0.10424059876697685,0.10439248781699162,23.01766544248551,95.83
840000,Town05,0.1,1.9317450945713688,0.08030684399396706,0.08569655735357389,22.21510716573345,0.0
160000,Town05,1.0,0.0,0.1830186590026949,0.15521284533536694,21.908002045399325,93.24
370000,Town05,1.0,0.0,0.0962934334585515,0.10060260123671641,23.263431119571173,96.06
640000,Town05,0.1,0.05766414343460298,0.0976195784186717,0.0991607551697576,21.95247072178912,0.0
540000,Town05,0.1,3.0507455322795494,0.09032854090146988,0.09533538957040114,21.95894455689784,0.0
140000,Town05,1.0,0.0,0.17009959812364311,0.15388162917973064,22.415809338911526,93.52
790000,Town05,0.1,3.9049412927495624,0.11118295738574602,0.09168467503237632,21.71977077168807,0.0
620000,Town05,0.1,0.692101475497447,0.08160503859688566,0.09013981841787075,21.75515166844565,0.0
280000,Town05,1.0,0.0,0.11524192462619887,0.12359089595476909,24.03183933016269,95.22
240000,Town05,1.0,0.0,0.15838376118898417,0.151581346360873,22.797224604054296,93.8
560000,Town05,1.0,0.0,0.10645217626481018,0.09285099771267788,22.07343508625636,96.01
270000,Town05,1.0,0.0,0.12024421661506846,0.11267675778902357,23.733612921746783,95.34
120000,Town05,0.9,0.0,0.22461125305727644,0.19640384051400983,20.625607478722845,81.58
320000,Town05,0.1,0.5682530176296685,0.09638263729464444,0.09427134904116675,21.282236538088437,0.0
340000,Town05,1.0,0.0,0.09759227109442989,0.1023963059904793,22.605352057454674,96.0
290000,Town05,0.0,1.2489387931985425,0.11376307983159992,0.0922771741100569,21.628427456415285,0.0
750000,Town05,1.0,0.0,0.11911270418374169,0.20664015719036852,23.897526609165993,93.48
410000,Town05,1.0,0.0,0.10293004802671935,0.10113885143871701,22.9558599097078,95.92
250000,Town05,0.1,0.04039936753479111,0.14107652396519313,0.10786006694877781,22.478200404642394,0.0
60000,Town05,0.9,0.0,0.40089354085266427,0.3656609129576063,14.612569633765414,74.67
400000,Town05,0.1,0.34015152008529315,0.10243587468001485,0.0903389054599006,21.756703220423113,0.0
690000,Town05,1.0,0.0,0.0946658534369481,0.10506574676661111,23.629013169568736,96.01
310000,Town05,0.1,0.41059870651942704,0.2393918436987335,0.29128094156190043,20.920357652149193,0.0
390000,Town05,1.0,0.0,0.08642779394289375,0.09261291948590192,22.471941631438757,96.42
260000,Town05,1.0,0.0,0.1116188966768302,0.1058657346654946,23.868602818433903,95.65
960000,Town05,1.0,0.0,0.09435633984422204,0.10350910533178422,23.43885087195818,96.04
210000,Town05,0.0,7.328001828533301,0.1327347785998446,0.1089635533017291,21.229861450685853,0.0
330000,Town05,1.0,0.0,0.11108191223815134,0.11013695777407603,24.571018056481943,95.58
90000,Town05,0.0,9.743515057577977,0.2615081673190023,0.22434437448796957,12.866702646892469,0.0
820000,Town05,0.1,18.032013275593975,0.11507736957675466,0.11093432951152389,21.22446236320352,0.0
930000,Town05,1.0,0.0,0.08486593469901009,0.09685113822173494,24.052500199010787,96.37
360000,Town05,0.0,0.04227782147014455,0.10154120726212054,0.08275265089690911,18.955038158255554,0.0
490000,Town05,0.1,2.400619577537987,0.12931750470748746,0.10338893714273045,16.650728056762283,0.0
610000,Town05,0.1,2.3523448278912498,0.0933849453617122,0.10230629672098616,22.215706070820943,0.0
220000,Town05,0.1,0.09315675544269995,0.13715006461165322,0.11811148682795196,22.037630552856484,0.0
200000,Town05,1.0,0.0,0.12894775772773148,0.12570606619149,23.356903758689505,94.91
570000,Town05,1.0,0.0,0.09620812612014892,0.09242861479747493,23.042103778720538,96.23
740000,Town05,1.0,0.0,0.11714305217498777,0.1473676266467778,23.619736721998297,94.71
380000,Town05,0.1,0.16598535874443593,0.09132745740066087,0.08444371909827472,22.012954679677243,0.0
110000,Town05,0.9,0.0,0.21809133505949468,0.1912820086835361,19.207086534171385,81.81
530000,Town05,1.0,0.0,0.09818698286651659,0.09205364740444184,23.189415927740278,96.2
710000,Town05,0.1,0.21879898280787374,0.06444396321068876,0.08297552027748636,17.096353042730925,0.0
150000,Town05,1.0,0.0,0.1986571003752863,0.15294431306130035,22.722193099427056,92.97
580000,Town05,1.0,0.0,0.0963926658367633,0.11123965735887467,23.79486446150859,95.85
670000,Town05,1.0,0.0,0.09958407800456537,0.12052993923505462,23.444007118250692,95.6
770000,Town05,0.1,0.146163563073977,0.09726627416900342,0.10065640347693006,23.009617923895256,0.0
1000000,Town05,0.1,0.9981987095480026,0.09256313784609131,0.11256295237826903,24.746176841926957,0.0
760000,Town05,1.0,0.0,0.09996464590514843,0.13108264561045352,23.95648207504313,95.38
650000,Town05,0.1,0.1555424364876281,0.12425308984771374,0.11167522514841491,21.67789076021696,0.0
660000,Town05,1.0,0.0,0.11563320623229226,0.1617819802877563,23.818391895089764,94.45
780000,Town05,1.0,0.0,0.12413791551444393,0.20779726559227693,23.924556932556946,93.36
460000,Town05,0.0,3.8254097181879865,0.10276117687323619,0.08295318903997353,21.560583583847784,0.0
870000,Town05,1.0,0.0,0.093058023081488,0.1082613860471355,23.699972778756727,95.97
30000,emptyTown05,0.0,0.0,2.382747071752289,0.47247422398770533,1.3015126239723478,0.0
450000,emptyTown05,0.9,0.0,0.11407638695261016,0.12563028081912092,22.142693675704816,85.21
940000,emptyTown05,1.0,0.0,0.08421603696741574,0.09815484410316948,25.186611543191354,96.35
470000,emptyTown05,0.9,0.0,0.13028012480103968,0.11383577779509393,21.18852175147314,85.12
730000,emptyTown05,1.0,0.0,0.11148329012379798,0.14660569753124428,23.88820767053046,94.84
830000,emptyTown05,1.0,0.0,0.09084929803559286,0.0937905400384271,23.88346814578211,96.31
420000,emptyTown05,1.0,0.0,0.10182299083366801,0.09584700786703444,23.275447428557094,96.05
990000,emptyTown05,1.0,0.0,0.10519246628423935,0.10955923891867478,24.90082921899706,95.7
180000,emptyTown05,0.9,0.0,0.13879807981771256,0.133864892446013,21.230574976355424,84.55
890000,emptyTown05,1.0,0.0,0.09286685038362202,0.095303011189049,24.89726538740902,96.24
970000,emptyTown05,1.0,0.0,0.09565622493093939,0.11018546832329057,25.08089622238603,95.88
350000,emptyTown05,0.9,0.0,0.10232285122304163,0.08279721662671335,21.871708854698873,86.3
510000,emptyTown05,0.9,0.0,0.09243323698830755,0.07817370775705028,21.946200869155962,86.59
80000,emptyTown05,0.9,0.0,0.2640791059518007,0.295122548034615,17.602172447539438,78.82
980000,emptyTown05,1.0,0.0,0.10355606798345482,0.11439958930623662,24.861397836098668,95.64
680000,emptyTown05,1.0,0.0,0.09090620858198403,0.10271071820590605,23.364545849992112,96.13
700000,emptyTown05,0.9,0.0,0.09479782655980924,0.10232153787544451,21.932958681476173,86.06
70000,emptyTown05,0.9,0.0,0.4659301814120823,0.3762932473652373,13.774695470047963,73.16
520000,emptyTown05,0.9,0.0,0.13953102040608836,0.10074210418117872,21.168848069345707,85.19
10000,emptyTown05,0.0,0.9778654208609414,2.978252512239557,2.3915862581760585,7.399538986531416,0.0
20000,emptyTown05,0.0,0.0,0.12842849155253075,0.026133435296168923,0.059997519143153266,0.0
720000,emptyTown05,1.0,0.0,0.08994585481375066,0.09852430575091693,23.975090960513988,96.23
600000,emptyTown05,0.9,0.0,0.08783386886582403,0.08764471186732548,21.928992128051856,86.49
920000,emptyTown05,1.0,0.0,0.08557910380288399,0.0969745606755702,24.938782551281673,96.35
900000,emptyTown05,1.0,0.0,0.09613640938994741,0.1051044043989584,24.869827450711547,95.98
590000,emptyTown05,1.0,0.0,0.0915702602899704,0.10162096394845262,23.331275483825372,96.14
40000,emptyTown05,0.0,0.0,2.446517421425438,0.43221775018240616,1.2786448163357966,0.0
50000,emptyTown05,0.0,0.0,1.3328726422815937,0.5696495032224502,2.5597498932097755,0.0
170000,emptyTown05,0.9,0.0,0.21744739699592328,0.16558468192121456,21.572085943334322,82.34
300000,emptyTown05,1.0,0.0,0.1171716276418768,0.10476955306539666,23.953657813199943,95.56
230000,emptyTown05,0.9,0.0,0.16214596979170573,0.127211049149641,22.46119787874303,84.21
850000,emptyTown05,1.0,0.0,0.10592403968455917,0.11997498390068166,24.702027254332116,95.48
430000,emptyTown05,1.0,0.0,0.09614020259071834,0.09081302001713906,24.04968328556551,96.26
440000,emptyTown05,0.9,0.0,0.12838650384285777,0.09442218662144226,21.649201353519384,85.54
480000,emptyTown05,0.9,0.0,0.08897959212935655,0.08908128208080157,21.72836470117825,86.44
810000,emptyTown05,1.0,0.0,0.09634570621313336,0.12472170560644406,23.790061155491053,95.58
630000,emptyTown05,1.0,0.0,0.09444480382143364,0.10134020598498254,23.61159151476199,96.08
880000,emptyTown05,0.9,0.0,0.1287289575688973,0.13175478862012305,22.60846837490896,84.79
910000,emptyTown05,1.0,0.0,0.09922013522885796,0.11224627165925478,24.57889755868405,95.77
800000,emptyTown05,1.0,0.0,0.09589107454954264,0.10752865152259887,24.28682550380379,95.93
130000,emptyTown05,0.9,0.0,0.2014180207195188,0.17062116469657967,20.194874600588342,82.56
100000,emptyTown05,0.9,0.0,0.17053256324883495,0.1912583353122841,18.904270639563737,82.76
500000,emptyTown05,1.0,0.0,0.0945295256449876,0.10433818891617123,23.63134588429937,96.02
950000,emptyTown05,1.0,0.0,0.100483739694474,0.11596534534869651,24.855675580368295,95.67
860000,emptyTown05,0.9,0.0,0.12765439037968118,0.10464084935985682,22.33063591598303,85.35
190000,emptyTown05,0.0,0.0,0.3996395337534946,0.10379612513565976,2.678666281363647,0.0
550000,emptyTown05,0.9,0.0,0.13225674333227236,0.10413564276871712,21.205897313508878,85.27
840000,emptyTown05,1.0,0.0,0.0938182373403974,0.10081832555954735,23.75213304286089,96.11
160000,emptyTown05,0.9,0.0,0.16448323158096018,0.1311904264140658,21.34373020205536,84.09
370000,emptyTown05,0.9,0.0,0.10003861224372239,0.0831605136751139,21.92283138993659,86.34
640000,emptyTown05,0.9,0.0,0.14521877346027948,0.1392460835416301,22.299372339272946,84.31
540000,emptyTown05,1.0,0.0,0.09330187784754382,0.09205011400967544,23.658544088487524,96.29
140000,emptyTown05,0.9,0.0,0.18698468464216605,0.17688607484898328,21.286011169676147,82.72
790000,emptyTown05,1.0,0.0,0.09413643332917809,0.13415849982830239,24.299339060245238,95.43
620000,emptyTown05,0.9,0.0,0.10469903097692723,0.0976316263173522,21.881087322442408,85.95
280000,emptyTown05,1.0,0.0,0.1064834895198612,0.10569465801387627,24.352353967283612,95.76
240000,emptyTown05,0.9,0.0,0.1553876069241904,0.14598298792929543,22.70032671216355,83.97
560000,emptyTown05,1.0,0.0,0.09740567507006288,0.09370997983166379,23.336739947719025,96.18
270000,emptyTown05,0.9,0.0,0.1450330033440354,0.09823705645367944,22.398088390426526,85.13
120000,emptyTown05,0.9,0.0,0.22666095720652568,0.18877142021924492,20.301221669338545,81.69
320000,emptyTown05,1.0,0.0,0.10526892073621866,0.09733142139573805,24.036051355375072,95.95
340000,emptyTown05,0.9,0.0,0.08859445913373323,0.09983051460493582,22.42605903281403,86.23
290000,emptyTown05,0.9,0.0,0.1451572416962031,0.10477536367672265,21.891887958669734,85.0
750000,emptyTown05,1.0,0.0,0.11373644221891119,0.1323441852665951,23.76492580404093,95.08
410000,emptyTown05,1.0,0.0,0.09714168059632441,0.0902972642217944,23.534668986843734,96.25
250000,emptyTown05,1.0,0.0,0.11749938472099004,0.10507616108258064,24.42537296693696,95.55
60000,emptyTown05,0.9,0.0,0.43919829782078657,0.3432651315617516,13.067033297915781,74.35
400000,emptyTown05,0.9,0.0,0.08308096284216472,0.086042383005235,22.28524667290397,86.62
690000,emptyTown05,0.9,0.0,0.12367391363210248,0.10563083695223259,21.767691137746542,85.41
310000,emptyTown05,1.0,0.0,0.10604529910820756,0.09289470255457313,24.151565848727394,96.02
390000,emptyTown05,1.0,0.0,0.09791305019017471,0.09321936633234415,23.7518547472503,96.18
260000,emptyTown05,1.0,0.0,0.10463973918816374,0.09505169580094147,24.020023465974543,96.01
960000,emptyTown05,1.0,0.0,0.0996058200489536,0.11517051576394206,24.898408369520705,95.7
210000,emptyTown05,0.9,0.0,0.10577986600035624,0.10698766914256597,21.794357227086227,85.74
330000,emptyTown05,1.0,0.0,0.11045804427066977,0.09868202653500681,24.670282889612217,95.82
90000,emptyTown05,0.9,0.0,0.24423989186331183,0.20905525480485157,17.325989546732778,80.93
820000,emptyTown05,1.0,0.0,0.09022652830920433,0.0981673397265602,24.34290937856061,96.23
930000,emptyTown05,1.0,0.0,0.08979978688130377,0.09347999344982347,25.209792831717944,96.33
360000,emptyTown05,0.9,0.0,0.09001643626742485,0.08608772378944388,22.115298010250875,86.48
490000,emptyTown05,0.9,0.0,0.09138001104660012,0.08862057854831715,21.31176147401436,86.4
610000,emptyTown05,0.9,0.0,0.13071569671624367,0.11008813645065699,22.27243260476215,85.18
220000,emptyTown05,1.0,0.0,0.12429495339699148,0.10857881736786579,23.91646595383623,95.34
200000,emptyTown05,0.9,0.0,0.11315829330274588,0.12196587466622089,21.84381896563906,85.3
570000,emptyTown05,1.0,0.0,0.08865096269820257,0.09295186960371056,23.407382149755435,96.37
740000,emptyTown05,1.0,0.0,0.09192427976590782,0.10076959051558232,23.958993383319505,96.15
380000,emptyTown05,0.9,0.0,0.07756426357125093,0.0795593037837524,21.96122159707316,86.86
110000,emptyTown05,0.9,0.0,0.21566690292190005,0.192951813063526,19.364259117258623,81.83
530000,emptyTown05,1.0,0.0,0.101031177693363,0.0982262128443497,23.10222801453882,96.01
710000,emptyTown05,1.0,0.0,0.10001414337814,0.11063483449050038,23.662667582412222,95.79
150000,emptyTown05,1.0,0.0,0.16982263538917688,0.15228724382883002,24.899859593952225,93.56
580000,emptyTown05,1.0,0.0,0.08752205268481013,0.08964199896640215,23.36583873486061,96.46
670000,emptyTown05,0.9,0.0,0.11460833862973478,0.11169709319816201,21.836538955750548,85.47
770000,emptyTown05,0.9,0.0,0.1027644056381278,0.10018202184554022,22.416965879095876,85.94
1000000,emptyTown05,1.0,0.0,0.07843703999577402,0.08541163669404295,25.391098303841837,96.72
760000,emptyTown05,1.0,0.0,0.0936652150782572,0.11354764605617791,24.012476133832855,95.86
650000,emptyTown05,1.0,0.0,0.0930502109327588,0.09822348770789899,23.767239926969232,96.17
660000,emptyTown05,1.0,0.0,0.10680322710161265,0.13294425049978048,23.62163393512649,95.21
780000,emptyTown05,1.0,0.0,0.08620126046821106,0.10003842304974622,24.046449171313462,96.28
460000,emptyTown05,1.0,0.0,0.10106522439071033,0.10110416155248085,23.434259455058715,95.96
870000,emptyTown05,0.9,0.0,0.0833669740615022,0.10918936240586068,22.100869691132772,86.15
30000,denseTown05,0.1,0.0,2.1376061905449886,0.38265617769815446,1.4304731119151075,0.0
450000,denseTown05,0.0,2.924117958118366,0.12301586940922496,0.11575451633026805,20.81809814173733,0.0
940000,denseTown05,0.0,4.758974402287014,0.10855469454785519,0.10711416832736473,23.924929169230026,0.0
470000,denseTown05,0.1,2.0423315530754245,0.12527414910318563,0.09845453038941016,21.623260323523404,0.0
730000,denseTown05,0.1,2.094606690783858,0.13793254543985323,0.13151985776994435,20.625564603613658,0.0
830000,denseTown05,0.1,2.6012168055155778,0.09847128006956066,0.10568872993359488,21.711453460428515,0.0
420000,denseTown05,0.1,2.915382671848092,0.1511084264218426,0.119816084987911,23.050705449684006,0.0
990000,denseTown05,0.1,0.10985652643226762,0.15155341874667214,0.15179002043116968,20.39256350989792,0.0
180000,denseTown05,0.1,12.757334288736141,0.21644120895377877,0.20266742220254183,17.70497688515212,0.0
890000,denseTown05,0.1,3.776258131596836,0.11253551754624092,0.10965679641469228,23.194477558801687,0.0
970000,denseTown05,0.1,0.031072172886883798,0.12529044523667404,0.14773248432841268,21.43251812272341,0.0
350000,denseTown05,0.1,1.990210079136851,0.15212661860330562,0.12994273317196983,22.26813181235999,0.0
510000,denseTown05,0.1,4.439142596580167,0.11963087510943526,0.103698894777937,20.683488113597218,0.0
80000,denseTown05,0.1,0.20050049938725908,0.27082972396269184,0.2528630206794472,11.779335479683109,0.0
980000,denseTown05,0.1,0.5328346930494628,0.17509513929042816,0.12200503840668901,11.707669588876541,0.0
680000,denseTown05,0.1,2.4045757242723407,0.11842814376970856,0.11860402951570696,21.723640057792863,0.0
700000,denseTown05,0.1,0.2078486737903332,0.13930936834092428,0.10774735551102899,21.02804405606679,0.0
70000,denseTown05,0.1,0.8993822188765348,0.23318606251683396,0.25163786516799325,5.753607564096168,0.0
520000,denseTown05,0.1,2.667465982141465,0.12901719664417954,0.10910746966038457,22.590428899184918,0.0
10000,denseTown05,0.0,4.890399736690969,2.9611833652925483,2.376786434266195,7.460120194911655,0.0
20000,denseTown05,0.0,0.0,0.12766994728384612,0.02608292978011061,0.057326148356633536,0.0
720000,denseTown05,0.0,5.152230359738515,0.12468559084120465,0.11912401715249069,22.211286922854196,0.0
600000,denseTown05,0.1,3.0503459050009667,0.14522084911782213,0.16280489928713532,23.013581701637566,0.0
920000,denseTown05,0.1,1.3612175427077455,0.12448691836626154,0.13780255060223517,22.97601729941108,0.0
900000,denseTown05,0.0,0.9488937262644447,0.10861442949035356,0.1106010132839921,22.258531703120354,0.0
590000,denseTown05,0.0,2.5802933970199966,0.1247597455379565,0.11567523182063204,20.69876748888787,0.0
40000,denseTown05,0.0,1.4422218060286252,0.9975939705804014,0.9242441741192072,17.94386531222126,0.0
50000,denseTown05,0.9,0.09590490656794332,0.7998887590003851,0.6796582230903472,12.179516822979394,10.41
170000,denseTown05,0.0,1.7586048392582836,0.27545261972980833,0.20243320592175756,17.859127200353903,0.0
300000,denseTown05,0.0,2.4101512101916547,0.13770819582613272,0.1533502564291731,22.304636643553664,0.0
230000,denseTown05,0.1,4.319549259052763,0.15778259272526066,0.13134562226918414,20.66338346060172,0.0
850000,denseTown05,0.0,5.515335603916569,0.11738893841315645,0.10434401337267504,23.345752050421435,0.0
430000,denseTown05,0.1,0.060317346024561055,0.09113254685460219,0.09628913675747404,21.541191855316697,0.0
440000,denseTown05,0.1,1.8394086353496195,0.1583869801366505,0.1282098794820438,20.65516952758368,0.0
480000,denseTown05,1.0,0.0,0.08489639318085271,0.09352488617691641,22.63637217670381,96.43
810000,denseTown05,0.1,12.065653434967519,0.1396524793103898,0.13000940486889948,20.821778954035214,0.0
630000,denseTown05,0.1,4.758852203901877,0.14461807804938798,0.11178025748948055,21.61617589713496,0.0
880000,denseTown05,0.1,2.0349849787478496,0.1223893939575188,0.10974632183035564,22.616232220247735,0.0
910000,denseTown05,0.0,4.959330008268596,0.12618558889761047,0.11027063087303009,23.33969059240336,0.0
800000,denseTown05,0.1,4.572240301290492,0.13140137542642968,0.11757038140123557,22.653019040326104,0.0
130000,denseTown05,0.1,3.47473892260507,0.19538771691082607,0.19052898820598832,15.440948297659252,0.0
100000,denseTown05,0.1,1.226637647113692,0.24767732690029973,0.2011598264474479,14.017320024826656,0.0
500000,denseTown05,0.1,2.0774979131432207,0.09749045287037358,0.09751123388941985,20.60312777039308,0.0
950000,denseTown05,0.1,3.6051698748040684,0.13182023479347107,0.1405284365040364,23.03609150942097,0.0
860000,denseTown05,0.0,0.8544480015413051,0.11922359012776267,0.11637842044440624,22.053287396397792,0.0
190000,denseTown05,0.1,0.055272835342693796,0.17349643449029115,0.15932764230402974,20.750200253995057,0.0
550000,denseTown05,0.1,2.034310430476066,0.10786731927497162,0.09632365115502442,19.610176239985798,0.0
840000,denseTown05,0.1,5.351093932445851,0.13236468693664874,0.1276747098894921,22.78447844756546,0.0
160000,denseTown05,0.0,0.8259041357406046,0.22810935815395092,0.2045303273111468,19.556326397967787,0.0
370000,denseTown05,0.0,1.3951765053782803,0.14638073387827757,0.12165828896134542,21.27945759243774,0.0
640000,denseTown05,0.1,3.137192272244029,0.12372563077767848,0.10942853069717766,19.34957104145287,0.0
540000,denseTown05,0.1,3.369722645444489,0.1761292945728014,0.16137334896854888,19.599813257445668,0.0
140000,denseTown05,0.1,2.236729854989831,0.19509943754332784,0.20941203473840328,18.77811619065257,0.0
790000,denseTown05,0.1,0.8982041774815629,0.12053987592830921,0.10945954797688062,22.202624200784136,0.0
620000,denseTown05,0.1,2.0283100710925974,0.14290370646036749,0.12982335654346655,20.779866551027975,0.0
280000,denseTown05,0.1,4.061921230189002,0.15394178683124288,0.12919397399238414,22.36656532369044,0.0
240000,denseTown05,0.1,2.3248185668518624,0.1381472947903178,0.12511493432904378,21.582117697190164,0.0
560000,denseTown05,0.1,13.059911197309452,0.12178607937539596,0.10376132980014119,20.061805597569847,0.0
270000,denseTown05,0.1,1.7932351951080823,0.14726868332956877,0.1334790407514475,21.997726585695933,0.0
120000,denseTown05,0.0,2.8473739287501196,0.21003250742185203,0.179325913136943,17.289622040902668,0.0
320000,denseTown05,0.0,3.6258038875312364,0.16370731801961758,0.13333875495745534,21.469972982988242,0.0
340000,denseTown05,0.0,0.7283216120552465,0.1324796085434618,0.1281853193374249,20.634110092702894,0.0
290000,denseTown05,0.0,5.154905715511996,0.14903803752290073,0.14718276659617774,22.29187203558289,0.0
750000,denseTown05,0.0,2.3249691422586922,0.10696504568889084,0.11018354964097117,21.17492597669269,0.0
410000,denseTown05,0.1,1.5382474880056884,0.17025983003822104,0.11968514050182573,21.225433094840913,0.0
250000,denseTown05,0.1,4.800840418306732,0.13260147950193538,0.13030569393350494,21.99428817414219,0.0
60000,denseTown05,0.9,0.06978038133156836,0.3920064316832018,0.2537253194292283,12.638533306500051,27.09
400000,denseTown05,0.1,7.278784672456114,0.13126005206094685,0.10425395184266548,20.107875995091895,0.0
690000,denseTown05,0.1,2.951621378301525,0.1707098287966134,0.17693997163515862,20.90780148369243,0.0
310000,denseTown05,0.0,2.227144809220639,0.14324132998914957,0.1289924532431165,22.80795931373604,0.0
390000,denseTown05,0.1,1.6387722419141848,0.10030013498419577,0.10374542524981704,21.33382544847517,0.0
260000,denseTown05,0.1,2.928198835120189,0.13466909650931672,0.126911757718455,21.793506387801155,0.0
960000,denseTown05,0.1,0.3261762429646091,0.15463178638943043,0.16823247192139806,21.401913373508243,0.0
210000,denseTown05,0.1,0.01129668847794684,0.1707290714681878,0.14452269647656818,18.761322792983737,0.0
330000,denseTown05,0.1,1.6788944521105749,0.1605630275991699,0.12712444747398913,23.20692488020193,0.0
90000,denseTown05,0.1,1.2434507725990813,0.22271005403250627,0.21646112151142688,16.450338651060726,0.0
820000,denseTown05,0.1,5.561902174108934,0.12206225124765388,0.11926716817157583,20.639699607021363,0.0
930000,denseTown05,0.0,2.999442420945814,0.14367624258951314,0.13634981057418086,23.860857466791778,0.0
360000,denseTown05,0.1,10.470766480503162,0.13948762135216314,0.13956862787488658,18.722494901380855,0.0
490000,denseTown05,0.1,1.8631201451319872,0.1307950982030104,0.11944603364229874,20.94971067761773,0.0
610000,denseTown05,0.1,2.6072404494933568,0.12350432750824467,0.10850570342422403,22.20453068955421,0.0
220000,denseTown05,0.1,11.245890906500195,0.18744791592246002,0.18832640091330627,19.697788318403475,0.0
200000,denseTown05,0.0,2.896359767380295,0.2042839308075905,0.18163158370376262,20.57024580926145,0.0
570000,denseTown05,0.0,2.3393328079682343,0.12036311758313416,0.09822729719773123,18.50871772765094,0.0
740000,denseTown05,0.1,1.336796600208583,0.13059819110045093,0.11680827853068443,20.267950046061625,0.0
380000,denseTown05,0.1,10.965728792045287,0.11771037479366878,0.11493604644259621,20.158480926680294,0.0
110000,denseTown05,0.1,0.14944432089632903,0.22954093084141544,0.19579468657195184,16.12853619040569,0.0
530000,denseTown05,0.1,13.044653976940603,0.14714221062612798,0.12395180249775677,19.777285652594323,0.0
710000,denseTown05,0.0,3.6386640400271695,0.13303227329076517,0.13050406033727735,21.707001481630215,0.0
150000,denseTown05,1.0,0.0,0.19592137169121387,0.14565535464289706,22.23155591758424,93.17
580000,denseTown05,0.0,3.1757661453591775,0.11064104212343998,0.0983093156419673,20.90194084687717,0.0
670000,denseTown05,0.0,2.891875487864661,0.15339288833540085,0.12456845661427787,21.87849993983414,0.0
770000,denseTown05,0.0,2.672730893676106,0.13243233120505365,0.11330795876379766,22.996718515983,0.0
1000000,denseTown05,0.1,0.7911791398299113,0.13864636824978532,0.10370751041451465,24.065883199432584,0.0
760000,denseTown05,0.0,1.3166446116779784,0.14312196099957503,0.12829962656613897,21.417473761085965,0.0
650000,denseTown05,0.0,3.3985634646421685,0.125466199330252,0.11514201790484482,22.094761662575078,0.0
660000,denseTown05,0.0,0.7109216528846465,0.1597243987016402,0.12748904284373036,21.88749102498541,0.0
780000,denseTown05,0.1,11.085539167429806,0.12830134390228534,0.11598988693441001,20.299296993369122,0.0
460000,denseTown05,0.1,10.449181467930375,0.17953852054428834,0.14229958357149192,19.631089446498653,0.0
870000,denseTown05,0.0,2.0834793363353956,0.12367918950224965,0.09523066795188669,23.131138976636997,0.0
